[
    {
        "step": 10,
        "loss": 2.0343
    },
    {
        "step": 20,
        "loss": 2.1685
    },
    {
        "step": 30,
        "loss": 2.0082
    },
    {
        "step": 40,
        "loss": 1.7337
    },
    {
        "step": 50,
        "loss": 2.0049
    },
    {
        "step": 60,
        "loss": 2.0157
    },
    {
        "step": 70,
        "loss": 2.0489
    },
    {
        "step": 80,
        "loss": 1.8453
    },
    {
        "step": 90,
        "loss": 1.7252
    },
    {
        "step": 100,
        "loss": 1.621
    },
    {
        "step": 110,
        "loss": 1.7541
    },
    {
        "step": 120,
        "loss": 1.9119
    },
    {
        "step": 130,
        "loss": 1.7366
    },
    {
        "step": 140,
        "loss": 1.7019
    },
    {
        "step": 150,
        "loss": 1.622
    },
    {
        "step": 160,
        "loss": 1.9436
    },
    {
        "step": 170,
        "loss": 1.8114
    },
    {
        "step": 180,
        "loss": 1.637
    },
    {
        "step": 190,
        "loss": 1.8525
    },
    {
        "step": 200,
        "loss": 1.7368
    },
    {
        "step": 210,
        "loss": 1.7311
    },
    {
        "step": 220,
        "loss": 1.5702
    },
    {
        "step": 230,
        "loss": 1.7808
    },
    {
        "step": 240,
        "loss": 1.5426
    },
    {
        "step": 250,
        "loss": 1.7502
    },
    {
        "step": 260,
        "loss": 1.4038
    },
    {
        "step": 270,
        "loss": 1.6124
    },
    {
        "step": 280,
        "loss": 1.3461
    },
    {
        "step": 290,
        "loss": 1.5834
    },
    {
        "step": 300,
        "loss": 1.4723
    },
    {
        "step": 310,
        "loss": 1.48
    },
    {
        "step": 320,
        "loss": 1.6141
    },
    {
        "step": 330,
        "loss": 1.5144
    },
    {
        "step": 340,
        "loss": 1.6762
    },
    {
        "step": 350,
        "loss": 1.6402
    },
    {
        "step": 360,
        "loss": 1.5442
    },
    {
        "step": 370,
        "loss": 1.3574
    },
    {
        "step": 380,
        "loss": 1.7022
    },
    {
        "step": 390,
        "loss": 1.5008
    },
    {
        "step": 400,
        "loss": 1.6866
    },
    {
        "step": 410,
        "loss": 1.4368
    },
    {
        "step": 420,
        "loss": 1.8268
    },
    {
        "step": 430,
        "loss": 1.5241
    },
    {
        "step": 440,
        "loss": 1.6238
    },
    {
        "step": 450,
        "loss": 1.6636
    },
    {
        "step": 460,
        "loss": 1.7973
    },
    {
        "step": 470,
        "loss": 1.601
    },
    {
        "step": 480,
        "loss": 1.5209
    },
    {
        "step": 490,
        "loss": 1.5933
    },
    {
        "step": 500,
        "loss": 1.5834
    },
    {
        "step": 510,
        "loss": 1.5811
    },
    {
        "step": 520,
        "loss": 1.4839
    },
    {
        "step": 530,
        "loss": 1.6873
    },
    {
        "step": 540,
        "loss": 1.3714
    },
    {
        "step": 550,
        "loss": 1.6219
    },
    {
        "step": 560,
        "loss": 1.7834
    },
    {
        "step": 570,
        "loss": 1.368
    },
    {
        "step": 580,
        "loss": 1.5957
    },
    {
        "step": 590,
        "loss": 1.7649
    },
    {
        "step": 600,
        "loss": 1.5895
    },
    {
        "step": 610,
        "loss": 1.5866
    },
    {
        "step": 620,
        "loss": 1.6208
    },
    {
        "step": 630,
        "loss": 1.3585
    },
    {
        "step": 640,
        "loss": 1.5892
    },
    {
        "step": 650,
        "loss": 1.5118
    },
    {
        "step": 660,
        "loss": 1.5775
    },
    {
        "step": 670,
        "loss": 1.4647
    },
    {
        "step": 680,
        "loss": 1.6394
    },
    {
        "step": 690,
        "loss": 1.4989
    },
    {
        "step": 700,
        "loss": 1.3175
    },
    {
        "step": 710,
        "loss": 1.5683
    },
    {
        "step": 720,
        "loss": 1.5165
    },
    {
        "step": 730,
        "loss": 1.647
    },
    {
        "step": 740,
        "loss": 1.5804
    },
    {
        "step": 750,
        "loss": 1.4689
    },
    {
        "step": 760,
        "loss": 1.8012
    },
    {
        "step": 770,
        "loss": 1.6869
    },
    {
        "step": 780,
        "loss": 1.5427
    },
    {
        "step": 790,
        "loss": 1.4891
    },
    {
        "step": 800,
        "loss": 1.564
    },
    {
        "step": 810,
        "loss": 1.4962
    },
    {
        "step": 820,
        "loss": 1.624
    },
    {
        "step": 830,
        "loss": 1.5157
    },
    {
        "step": 840,
        "loss": 1.4615
    },
    {
        "step": 850,
        "loss": 1.7667
    },
    {
        "step": 860,
        "loss": 1.6727
    },
    {
        "step": 870,
        "loss": 1.4824
    },
    {
        "step": 880,
        "loss": 1.5292
    },
    {
        "step": 890,
        "loss": 1.5519
    },
    {
        "step": 900,
        "loss": 1.4737
    },
    {
        "step": 910,
        "loss": 1.4121
    },
    {
        "step": 920,
        "loss": 1.2932
    },
    {
        "step": 930,
        "loss": 1.5199
    },
    {
        "step": 940,
        "loss": 1.7363
    },
    {
        "step": 950,
        "loss": 1.6598
    },
    {
        "step": 960,
        "loss": 1.6653
    },
    {
        "step": 970,
        "loss": 1.4877
    },
    {
        "step": 980,
        "loss": 1.6244
    },
    {
        "step": 990,
        "loss": 1.4727
    },
    {
        "step": 1000,
        "loss": 1.7128
    },
    {
        "step": 1010,
        "loss": 1.7263
    },
    {
        "step": 1020,
        "loss": 1.4505
    },
    {
        "step": 1030,
        "loss": 1.4641
    },
    {
        "step": 1040,
        "loss": 1.3644
    },
    {
        "step": 1050,
        "loss": 1.7808
    },
    {
        "step": 1060,
        "loss": 1.5952
    },
    {
        "step": 1070,
        "loss": 1.4322
    },
    {
        "step": 1080,
        "loss": 1.6191
    },
    {
        "step": 1090,
        "loss": 1.3471
    },
    {
        "step": 1100,
        "loss": 1.6486
    },
    {
        "step": 1110,
        "loss": 1.475
    },
    {
        "step": 1120,
        "loss": 1.3934
    },
    {
        "step": 1130,
        "loss": 1.4034
    },
    {
        "step": 1140,
        "loss": 1.479
    },
    {
        "step": 1150,
        "loss": 1.5096
    },
    {
        "step": 1160,
        "loss": 1.495
    },
    {
        "step": 1170,
        "loss": 1.4235
    },
    {
        "step": 1180,
        "loss": 1.7036
    },
    {
        "step": 1190,
        "loss": 1.3826
    },
    {
        "step": 1200,
        "loss": 1.4857
    },
    {
        "step": 1210,
        "loss": 1.5142
    },
    {
        "step": 1220,
        "loss": 1.5024
    },
    {
        "step": 1230,
        "loss": 1.6924
    },
    {
        "step": 1240,
        "loss": 1.4584
    },
    {
        "step": 1250,
        "loss": 1.5371
    },
    {
        "step": 1260,
        "loss": 1.5752
    },
    {
        "step": 1270,
        "loss": 1.5713
    },
    {
        "step": 1280,
        "loss": 1.4874
    },
    {
        "step": 1290,
        "loss": 1.6834
    },
    {
        "step": 1300,
        "loss": 1.8017
    },
    {
        "step": 1310,
        "loss": 1.6606
    },
    {
        "step": 1320,
        "loss": 1.4716
    },
    {
        "step": 1330,
        "loss": 1.6592
    },
    {
        "step": 1340,
        "loss": 1.5428
    },
    {
        "step": 1350,
        "loss": 1.3387
    },
    {
        "step": 1360,
        "loss": 1.3664
    },
    {
        "step": 1370,
        "loss": 1.4138
    },
    {
        "step": 1380,
        "loss": 1.6064
    },
    {
        "step": 1390,
        "loss": 1.6554
    },
    {
        "step": 1400,
        "loss": 1.476
    },
    {
        "step": 1410,
        "loss": 1.3684
    }
]