{
  "best_global_step": null,
  "best_metric": null,
  "best_model_checkpoint": null,
  "epoch": 15.0,
  "eval_steps": 500,
  "global_step": 1035,
  "is_hyper_param_search": false,
  "is_local_process_zero": true,
  "is_world_process_zero": true,
  "log_history": [
    {
      "epoch": 0.14492753623188406,
      "grad_norm": 1.067918062210083,
      "learning_rate": 0.00029739130434782606,
      "loss": 3.5615,
      "step": 10
    },
    {
      "epoch": 0.2898550724637681,
      "grad_norm": 1.3307380676269531,
      "learning_rate": 0.00029449275362318836,
      "loss": 3.1741,
      "step": 20
    },
    {
      "epoch": 0.43478260869565216,
      "grad_norm": 1.1509548425674438,
      "learning_rate": 0.00029159420289855066,
      "loss": 2.9678,
      "step": 30
    },
    {
      "epoch": 0.5797101449275363,
      "grad_norm": 1.106933832168579,
      "learning_rate": 0.000288695652173913,
      "loss": 3.104,
      "step": 40
    },
    {
      "epoch": 0.7246376811594203,
      "grad_norm": 1.399030327796936,
      "learning_rate": 0.0002857971014492753,
      "loss": 2.974,
      "step": 50
    },
    {
      "epoch": 0.8695652173913043,
      "grad_norm": 1.6413750648498535,
      "learning_rate": 0.0002828985507246376,
      "loss": 2.994,
      "step": 60
    },
    {
      "epoch": 1.0144927536231885,
      "grad_norm": 1.5046595335006714,
      "learning_rate": 0.00028,
      "loss": 2.747,
      "step": 70
    },
    {
      "epoch": 1.1594202898550725,
      "grad_norm": 1.2662746906280518,
      "learning_rate": 0.0002771014492753623,
      "loss": 2.7945,
      "step": 80
    },
    {
      "epoch": 1.3043478260869565,
      "grad_norm": 1.0910228490829468,
      "learning_rate": 0.00027420289855072463,
      "loss": 2.6686,
      "step": 90
    },
    {
      "epoch": 1.4492753623188406,
      "grad_norm": 1.5835213661193848,
      "learning_rate": 0.00027130434782608693,
      "loss": 2.9451,
      "step": 100
    },
    {
      "epoch": 1.5942028985507246,
      "grad_norm": 1.783311367034912,
      "learning_rate": 0.00026840579710144923,
      "loss": 2.8128,
      "step": 110
    },
    {
      "epoch": 1.7391304347826086,
      "grad_norm": 1.3497440814971924,
      "learning_rate": 0.0002655072463768116,
      "loss": 2.5118,
      "step": 120
    },
    {
      "epoch": 1.8840579710144927,
      "grad_norm": 1.601794719696045,
      "learning_rate": 0.0002626086956521739,
      "loss": 2.5572,
      "step": 130
    },
    {
      "epoch": 2.028985507246377,
      "grad_norm": 1.464064359664917,
      "learning_rate": 0.00025971014492753625,
      "loss": 2.6562,
      "step": 140
    },
    {
      "epoch": 2.1739130434782608,
      "grad_norm": 1.7857033014297485,
      "learning_rate": 0.00025681159420289855,
      "loss": 2.6417,
      "step": 150
    },
    {
      "epoch": 2.318840579710145,
      "grad_norm": 1.3403184413909912,
      "learning_rate": 0.00025391304347826085,
      "loss": 2.4958,
      "step": 160
    },
    {
      "epoch": 2.463768115942029,
      "grad_norm": 1.3737828731536865,
      "learning_rate": 0.00025101449275362315,
      "loss": 2.6819,
      "step": 170
    },
    {
      "epoch": 2.608695652173913,
      "grad_norm": 1.6782053709030151,
      "learning_rate": 0.0002481159420289855,
      "loss": 2.3928,
      "step": 180
    },
    {
      "epoch": 2.753623188405797,
      "grad_norm": 1.4208264350891113,
      "learning_rate": 0.0002452173913043478,
      "loss": 2.4952,
      "step": 190
    },
    {
      "epoch": 2.898550724637681,
      "grad_norm": 1.7793163061141968,
      "learning_rate": 0.00024231884057971013,
      "loss": 2.5856,
      "step": 200
    },
    {
      "epoch": 3.0434782608695654,
      "grad_norm": 1.3065210580825806,
      "learning_rate": 0.00023942028985507243,
      "loss": 2.6141,
      "step": 210
    },
    {
      "epoch": 3.1884057971014492,
      "grad_norm": 1.551810622215271,
      "learning_rate": 0.00023652173913043476,
      "loss": 2.4784,
      "step": 220
    },
    {
      "epoch": 3.3333333333333335,
      "grad_norm": 1.808845043182373,
      "learning_rate": 0.0002336231884057971,
      "loss": 2.6204,
      "step": 230
    },
    {
      "epoch": 3.4782608695652173,
      "grad_norm": 1.5695942640304565,
      "learning_rate": 0.0002307246376811594,
      "loss": 2.4972,
      "step": 240
    },
    {
      "epoch": 3.6231884057971016,
      "grad_norm": 1.663777470588684,
      "learning_rate": 0.00022782608695652172,
      "loss": 2.3398,
      "step": 250
    },
    {
      "epoch": 3.7681159420289854,
      "grad_norm": 1.643434762954712,
      "learning_rate": 0.00022492753623188402,
      "loss": 2.3881,
      "step": 260
    },
    {
      "epoch": 3.9130434782608696,
      "grad_norm": 1.852718472480774,
      "learning_rate": 0.00022202898550724638,
      "loss": 2.4981,
      "step": 270
    },
    {
      "epoch": 4.057971014492754,
      "grad_norm": 2.1853270530700684,
      "learning_rate": 0.00021913043478260868,
      "loss": 2.3128,
      "step": 280
    },
    {
      "epoch": 4.202898550724638,
      "grad_norm": 1.9220925569534302,
      "learning_rate": 0.00021623188405797098,
      "loss": 2.3245,
      "step": 290
    },
    {
      "epoch": 4.3478260869565215,
      "grad_norm": 2.0505728721618652,
      "learning_rate": 0.00021333333333333333,
      "loss": 2.3736,
      "step": 300
    },
    {
      "epoch": 4.492753623188406,
      "grad_norm": 1.9175928831100464,
      "learning_rate": 0.00021043478260869563,
      "loss": 2.4137,
      "step": 310
    },
    {
      "epoch": 4.63768115942029,
      "grad_norm": 1.680009365081787,
      "learning_rate": 0.00020753623188405796,
      "loss": 2.4999,
      "step": 320
    },
    {
      "epoch": 4.782608695652174,
      "grad_norm": 2.134232997894287,
      "learning_rate": 0.00020463768115942026,
      "loss": 2.2986,
      "step": 330
    },
    {
      "epoch": 4.927536231884058,
      "grad_norm": 1.8815667629241943,
      "learning_rate": 0.0002017391304347826,
      "loss": 2.4677,
      "step": 340
    },
    {
      "epoch": 5.072463768115942,
      "grad_norm": 1.8694703578948975,
      "learning_rate": 0.00019884057971014492,
      "loss": 2.2364,
      "step": 350
    },
    {
      "epoch": 5.217391304347826,
      "grad_norm": 2.3940176963806152,
      "learning_rate": 0.00019594202898550722,
      "loss": 2.243,
      "step": 360
    },
    {
      "epoch": 5.36231884057971,
      "grad_norm": 2.1571829319000244,
      "learning_rate": 0.00019304347826086952,
      "loss": 2.1597,
      "step": 370
    },
    {
      "epoch": 5.507246376811594,
      "grad_norm": 2.44059157371521,
      "learning_rate": 0.00019014492753623188,
      "loss": 2.2778,
      "step": 380
    },
    {
      "epoch": 5.6521739130434785,
      "grad_norm": 1.6782931089401245,
      "learning_rate": 0.00018724637681159418,
      "loss": 2.3097,
      "step": 390
    },
    {
      "epoch": 5.797101449275362,
      "grad_norm": 2.143740653991699,
      "learning_rate": 0.0001843478260869565,
      "loss": 2.297,
      "step": 400
    },
    {
      "epoch": 5.942028985507246,
      "grad_norm": 2.6610794067382812,
      "learning_rate": 0.00018144927536231883,
      "loss": 2.3615,
      "step": 410
    },
    {
      "epoch": 6.086956521739131,
      "grad_norm": 2.7074408531188965,
      "learning_rate": 0.00017855072463768113,
      "loss": 2.358,
      "step": 420
    },
    {
      "epoch": 6.231884057971015,
      "grad_norm": 2.0144052505493164,
      "learning_rate": 0.00017565217391304346,
      "loss": 2.1703,
      "step": 430
    },
    {
      "epoch": 6.3768115942028984,
      "grad_norm": 1.9866830110549927,
      "learning_rate": 0.00017275362318840576,
      "loss": 2.1125,
      "step": 440
    },
    {
      "epoch": 6.521739130434782,
      "grad_norm": 2.188154935836792,
      "learning_rate": 0.00016985507246376812,
      "loss": 2.1626,
      "step": 450
    },
    {
      "epoch": 6.666666666666667,
      "grad_norm": 2.7890567779541016,
      "learning_rate": 0.00016695652173913042,
      "loss": 2.4128,
      "step": 460
    },
    {
      "epoch": 6.811594202898551,
      "grad_norm": 2.2344141006469727,
      "learning_rate": 0.00016405797101449272,
      "loss": 2.1075,
      "step": 470
    },
    {
      "epoch": 6.956521739130435,
      "grad_norm": 1.9794189929962158,
      "learning_rate": 0.00016115942028985508,
      "loss": 2.2714,
      "step": 480
    },
    {
      "epoch": 7.101449275362318,
      "grad_norm": 2.033057451248169,
      "learning_rate": 0.00015826086956521738,
      "loss": 2.0165,
      "step": 490
    },
    {
      "epoch": 7.246376811594203,
      "grad_norm": 2.1399242877960205,
      "learning_rate": 0.00015536231884057968,
      "loss": 2.2915,
      "step": 500
    },
    {
      "epoch": 7.391304347826087,
      "grad_norm": 2.2129156589508057,
      "learning_rate": 0.000152463768115942,
      "loss": 2.2545,
      "step": 510
    },
    {
      "epoch": 7.536231884057971,
      "grad_norm": 2.0623552799224854,
      "learning_rate": 0.00014956521739130433,
      "loss": 2.0758,
      "step": 520
    },
    {
      "epoch": 7.681159420289855,
      "grad_norm": 1.5401960611343384,
      "learning_rate": 0.00014666666666666664,
      "loss": 2.3305,
      "step": 530
    },
    {
      "epoch": 7.826086956521739,
      "grad_norm": 2.0667591094970703,
      "learning_rate": 0.00014376811594202896,
      "loss": 2.0734,
      "step": 540
    },
    {
      "epoch": 7.971014492753623,
      "grad_norm": 2.282485008239746,
      "learning_rate": 0.0001408695652173913,
      "loss": 2.0738,
      "step": 550
    },
    {
      "epoch": 8.115942028985508,
      "grad_norm": 2.131361246109009,
      "learning_rate": 0.00013797101449275362,
      "loss": 2.0535,
      "step": 560
    },
    {
      "epoch": 8.26086956521739,
      "grad_norm": 2.434830904006958,
      "learning_rate": 0.00013507246376811592,
      "loss": 2.1481,
      "step": 570
    },
    {
      "epoch": 8.405797101449275,
      "grad_norm": 2.363177537918091,
      "learning_rate": 0.00013217391304347825,
      "loss": 2.078,
      "step": 580
    },
    {
      "epoch": 8.55072463768116,
      "grad_norm": 2.6968436241149902,
      "learning_rate": 0.00012927536231884058,
      "loss": 2.0126,
      "step": 590
    },
    {
      "epoch": 8.695652173913043,
      "grad_norm": 2.8120009899139404,
      "learning_rate": 0.0001263768115942029,
      "loss": 2.3028,
      "step": 600
    },
    {
      "epoch": 8.840579710144928,
      "grad_norm": 2.456209897994995,
      "learning_rate": 0.0001234782608695652,
      "loss": 2.0656,
      "step": 610
    },
    {
      "epoch": 8.985507246376812,
      "grad_norm": 2.8575878143310547,
      "learning_rate": 0.00012057971014492752,
      "loss": 2.1575,
      "step": 620
    },
    {
      "epoch": 9.130434782608695,
      "grad_norm": 2.6477725505828857,
      "learning_rate": 0.00011768115942028985,
      "loss": 2.1024,
      "step": 630
    },
    {
      "epoch": 9.27536231884058,
      "grad_norm": 2.691884994506836,
      "learning_rate": 0.00011478260869565216,
      "loss": 2.2299,
      "step": 640
    },
    {
      "epoch": 9.420289855072463,
      "grad_norm": 2.261869192123413,
      "learning_rate": 0.00011188405797101449,
      "loss": 1.7753,
      "step": 650
    },
    {
      "epoch": 9.565217391304348,
      "grad_norm": 2.569988250732422,
      "learning_rate": 0.00010898550724637679,
      "loss": 2.1177,
      "step": 660
    },
    {
      "epoch": 9.710144927536232,
      "grad_norm": 3.162858009338379,
      "learning_rate": 0.00010608695652173912,
      "loss": 2.0849,
      "step": 670
    },
    {
      "epoch": 9.855072463768115,
      "grad_norm": 2.8222243785858154,
      "learning_rate": 0.00010318840579710144,
      "loss": 2.1078,
      "step": 680
    },
    {
      "epoch": 10.0,
      "grad_norm": 4.315343856811523,
      "learning_rate": 0.00010028985507246376,
      "loss": 2.1273,
      "step": 690
    },
    {
      "epoch": 10.144927536231885,
      "grad_norm": 2.8370301723480225,
      "learning_rate": 9.739130434782606e-05,
      "loss": 2.0866,
      "step": 700
    },
    {
      "epoch": 10.289855072463768,
      "grad_norm": 2.1511690616607666,
      "learning_rate": 9.449275362318839e-05,
      "loss": 2.0475,
      "step": 710
    },
    {
      "epoch": 10.434782608695652,
      "grad_norm": 2.856351375579834,
      "learning_rate": 9.159420289855072e-05,
      "loss": 2.0345,
      "step": 720
    },
    {
      "epoch": 10.579710144927537,
      "grad_norm": 2.851391315460205,
      "learning_rate": 8.869565217391304e-05,
      "loss": 1.9522,
      "step": 730
    },
    {
      "epoch": 10.72463768115942,
      "grad_norm": 3.3474862575531006,
      "learning_rate": 8.579710144927536e-05,
      "loss": 2.0563,
      "step": 740
    },
    {
      "epoch": 10.869565217391305,
      "grad_norm": 2.7261459827423096,
      "learning_rate": 8.289855072463766e-05,
      "loss": 2.019,
      "step": 750
    },
    {
      "epoch": 11.014492753623188,
      "grad_norm": 2.1700096130371094,
      "learning_rate": 7.999999999999999e-05,
      "loss": 2.1776,
      "step": 760
    },
    {
      "epoch": 11.159420289855072,
      "grad_norm": 3.490443229675293,
      "learning_rate": 7.710144927536232e-05,
      "loss": 2.0115,
      "step": 770
    },
    {
      "epoch": 11.304347826086957,
      "grad_norm": 3.2204983234405518,
      "learning_rate": 7.420289855072464e-05,
      "loss": 2.0975,
      "step": 780
    },
    {
      "epoch": 11.44927536231884,
      "grad_norm": 2.3221631050109863,
      "learning_rate": 7.130434782608695e-05,
      "loss": 1.8876,
      "step": 790
    },
    {
      "epoch": 11.594202898550725,
      "grad_norm": 2.058537244796753,
      "learning_rate": 6.840579710144926e-05,
      "loss": 2.008,
      "step": 800
    },
    {
      "epoch": 11.73913043478261,
      "grad_norm": 2.670393228530884,
      "learning_rate": 6.550724637681159e-05,
      "loss": 2.0617,
      "step": 810
    },
    {
      "epoch": 11.884057971014492,
      "grad_norm": 2.482980251312256,
      "learning_rate": 6.260869565217391e-05,
      "loss": 2.0258,
      "step": 820
    },
    {
      "epoch": 12.028985507246377,
      "grad_norm": 3.1674177646636963,
      "learning_rate": 5.971014492753623e-05,
      "loss": 2.1228,
      "step": 830
    },
    {
      "epoch": 12.173913043478262,
      "grad_norm": 2.526588201522827,
      "learning_rate": 5.681159420289855e-05,
      "loss": 1.8285,
      "step": 840
    },
    {
      "epoch": 12.318840579710145,
      "grad_norm": 1.8415343761444092,
      "learning_rate": 5.3913043478260865e-05,
      "loss": 2.0995,
      "step": 850
    },
    {
      "epoch": 12.46376811594203,
      "grad_norm": 2.9290547370910645,
      "learning_rate": 5.1014492753623186e-05,
      "loss": 2.0363,
      "step": 860
    },
    {
      "epoch": 12.608695652173914,
      "grad_norm": 2.736769437789917,
      "learning_rate": 4.81159420289855e-05,
      "loss": 2.1724,
      "step": 870
    },
    {
      "epoch": 12.753623188405797,
      "grad_norm": 2.3259117603302,
      "learning_rate": 4.521739130434782e-05,
      "loss": 1.8519,
      "step": 880
    },
    {
      "epoch": 12.898550724637682,
      "grad_norm": 1.9788799285888672,
      "learning_rate": 4.231884057971014e-05,
      "loss": 1.9037,
      "step": 890
    },
    {
      "epoch": 13.043478260869565,
      "grad_norm": 2.823096513748169,
      "learning_rate": 3.9420289855072465e-05,
      "loss": 2.1742,
      "step": 900
    },
    {
      "epoch": 13.18840579710145,
      "grad_norm": 2.41405987739563,
      "learning_rate": 3.652173913043478e-05,
      "loss": 1.8751,
      "step": 910
    },
    {
      "epoch": 13.333333333333334,
      "grad_norm": 2.5437560081481934,
      "learning_rate": 3.36231884057971e-05,
      "loss": 1.9696,
      "step": 920
    },
    {
      "epoch": 13.478260869565217,
      "grad_norm": 2.5018489360809326,
      "learning_rate": 3.0724637681159415e-05,
      "loss": 1.9392,
      "step": 930
    },
    {
      "epoch": 13.623188405797102,
      "grad_norm": 3.416614294052124,
      "learning_rate": 2.7826086956521737e-05,
      "loss": 1.9829,
      "step": 940
    },
    {
      "epoch": 13.768115942028986,
      "grad_norm": 3.133148193359375,
      "learning_rate": 2.4927536231884055e-05,
      "loss": 1.9674,
      "step": 950
    },
    {
      "epoch": 13.91304347826087,
      "grad_norm": 2.7131919860839844,
      "learning_rate": 2.2028985507246376e-05,
      "loss": 1.9724,
      "step": 960
    },
    {
      "epoch": 14.057971014492754,
      "grad_norm": 4.760275363922119,
      "learning_rate": 1.9130434782608694e-05,
      "loss": 2.0099,
      "step": 970
    },
    {
      "epoch": 14.202898550724637,
      "grad_norm": 3.166109800338745,
      "learning_rate": 1.6231884057971015e-05,
      "loss": 2.0063,
      "step": 980
    },
    {
      "epoch": 14.347826086956522,
      "grad_norm": 3.363765001296997,
      "learning_rate": 1.3333333333333333e-05,
      "loss": 1.886,
      "step": 990
    },
    {
      "epoch": 14.492753623188406,
      "grad_norm": 2.504033327102661,
      "learning_rate": 1.0434782608695651e-05,
      "loss": 1.9515,
      "step": 1000
    },
    {
      "epoch": 14.63768115942029,
      "grad_norm": 2.9174585342407227,
      "learning_rate": 7.53623188405797e-06,
      "loss": 1.9324,
      "step": 1010
    },
    {
      "epoch": 14.782608695652174,
      "grad_norm": 3.1621768474578857,
      "learning_rate": 4.63768115942029e-06,
      "loss": 1.9527,
      "step": 1020
    },
    {
      "epoch": 14.927536231884059,
      "grad_norm": 3.1243300437927246,
      "learning_rate": 1.7391304347826085e-06,
      "loss": 1.9097,
      "step": 1030
    }
  ],
  "logging_steps": 10,
  "max_steps": 1035,
  "num_input_tokens_seen": 0,
  "num_train_epochs": 15,
  "save_steps": 500,
  "stateful_callbacks": {
    "TrainerControl": {
      "args": {
        "should_epoch_stop": false,
        "should_evaluate": false,
        "should_log": false,
        "should_save": true,
        "should_training_stop": true
      },
      "attributes": {}
    }
  },
  "total_flos": 709173482618880.0,
  "train_batch_size": 4,
  "trial_name": null,
  "trial_params": null
}
