{
  "best_global_step": null,
  "best_metric": null,
  "best_model_checkpoint": null,
  "epoch": 5.0,
  "eval_steps": 500,
  "global_step": 830,
  "is_hyper_param_search": false,
  "is_local_process_zero": true,
  "is_world_process_zero": true,
  "log_history": [
    {
      "epoch": 0.060240963855421686,
      "grad_norm": 0.7620198726654053,
      "learning_rate": 4.9457831325301205e-05,
      "loss": 2.3425,
      "step": 10
    },
    {
      "epoch": 0.12048192771084337,
      "grad_norm": 0.7175589203834534,
      "learning_rate": 4.885542168674699e-05,
      "loss": 2.3112,
      "step": 20
    },
    {
      "epoch": 0.18072289156626506,
      "grad_norm": 0.8218722939491272,
      "learning_rate": 4.825301204819277e-05,
      "loss": 2.0797,
      "step": 30
    },
    {
      "epoch": 0.24096385542168675,
      "grad_norm": 0.8240815997123718,
      "learning_rate": 4.765060240963856e-05,
      "loss": 2.135,
      "step": 40
    },
    {
      "epoch": 0.30120481927710846,
      "grad_norm": 1.3661878108978271,
      "learning_rate": 4.704819277108434e-05,
      "loss": 2.2529,
      "step": 50
    },
    {
      "epoch": 0.3614457831325301,
      "grad_norm": 1.134946584701538,
      "learning_rate": 4.6445783132530124e-05,
      "loss": 2.2417,
      "step": 60
    },
    {
      "epoch": 0.42168674698795183,
      "grad_norm": 0.8568716645240784,
      "learning_rate": 4.584337349397591e-05,
      "loss": 2.0895,
      "step": 70
    },
    {
      "epoch": 0.4819277108433735,
      "grad_norm": 1.3139106035232544,
      "learning_rate": 4.5240963855421685e-05,
      "loss": 2.0638,
      "step": 80
    },
    {
      "epoch": 0.5421686746987951,
      "grad_norm": 1.0682995319366455,
      "learning_rate": 4.4638554216867476e-05,
      "loss": 1.9709,
      "step": 90
    },
    {
      "epoch": 0.6024096385542169,
      "grad_norm": 0.9918298721313477,
      "learning_rate": 4.403614457831325e-05,
      "loss": 1.9772,
      "step": 100
    },
    {
      "epoch": 0.6626506024096386,
      "grad_norm": 1.087120771408081,
      "learning_rate": 4.3433734939759044e-05,
      "loss": 1.8405,
      "step": 110
    },
    {
      "epoch": 0.7228915662650602,
      "grad_norm": 1.025636076927185,
      "learning_rate": 4.283132530120482e-05,
      "loss": 1.8868,
      "step": 120
    },
    {
      "epoch": 0.7831325301204819,
      "grad_norm": 1.3164818286895752,
      "learning_rate": 4.2228915662650604e-05,
      "loss": 1.8161,
      "step": 130
    },
    {
      "epoch": 0.8433734939759037,
      "grad_norm": 1.0321950912475586,
      "learning_rate": 4.162650602409639e-05,
      "loss": 1.8801,
      "step": 140
    },
    {
      "epoch": 0.9036144578313253,
      "grad_norm": 1.075369119644165,
      "learning_rate": 4.102409638554217e-05,
      "loss": 1.8113,
      "step": 150
    },
    {
      "epoch": 0.963855421686747,
      "grad_norm": 1.086564540863037,
      "learning_rate": 4.042168674698795e-05,
      "loss": 1.7636,
      "step": 160
    },
    {
      "epoch": 1.0240963855421688,
      "grad_norm": 1.1077260971069336,
      "learning_rate": 3.981927710843374e-05,
      "loss": 1.6483,
      "step": 170
    },
    {
      "epoch": 1.0843373493975903,
      "grad_norm": 1.2685598134994507,
      "learning_rate": 3.921686746987952e-05,
      "loss": 1.7943,
      "step": 180
    },
    {
      "epoch": 1.144578313253012,
      "grad_norm": 0.9450035095214844,
      "learning_rate": 3.86144578313253e-05,
      "loss": 1.5777,
      "step": 190
    },
    {
      "epoch": 1.2048192771084336,
      "grad_norm": 1.1692832708358765,
      "learning_rate": 3.801204819277109e-05,
      "loss": 1.5848,
      "step": 200
    },
    {
      "epoch": 1.2650602409638554,
      "grad_norm": 1.9047201871871948,
      "learning_rate": 3.740963855421687e-05,
      "loss": 1.668,
      "step": 210
    },
    {
      "epoch": 1.3253012048192772,
      "grad_norm": 1.7060174942016602,
      "learning_rate": 3.680722891566265e-05,
      "loss": 1.6218,
      "step": 220
    },
    {
      "epoch": 1.3855421686746987,
      "grad_norm": 1.3046302795410156,
      "learning_rate": 3.6204819277108436e-05,
      "loss": 1.583,
      "step": 230
    },
    {
      "epoch": 1.4457831325301205,
      "grad_norm": 1.0744903087615967,
      "learning_rate": 3.560240963855422e-05,
      "loss": 1.6108,
      "step": 240
    },
    {
      "epoch": 1.5060240963855422,
      "grad_norm": 1.6645824909210205,
      "learning_rate": 3.5e-05,
      "loss": 1.4485,
      "step": 250
    },
    {
      "epoch": 1.5662650602409638,
      "grad_norm": 1.2194029092788696,
      "learning_rate": 3.439759036144579e-05,
      "loss": 1.4926,
      "step": 260
    },
    {
      "epoch": 1.6265060240963856,
      "grad_norm": 1.626308798789978,
      "learning_rate": 3.3795180722891565e-05,
      "loss": 1.4265,
      "step": 270
    },
    {
      "epoch": 1.6867469879518073,
      "grad_norm": 1.3921757936477661,
      "learning_rate": 3.319277108433735e-05,
      "loss": 1.3419,
      "step": 280
    },
    {
      "epoch": 1.7469879518072289,
      "grad_norm": 1.2121753692626953,
      "learning_rate": 3.259036144578313e-05,
      "loss": 1.5334,
      "step": 290
    },
    {
      "epoch": 1.8072289156626506,
      "grad_norm": 1.3848435878753662,
      "learning_rate": 3.1987951807228916e-05,
      "loss": 1.5201,
      "step": 300
    },
    {
      "epoch": 1.8674698795180724,
      "grad_norm": 1.47999107837677,
      "learning_rate": 3.13855421686747e-05,
      "loss": 1.4665,
      "step": 310
    },
    {
      "epoch": 1.927710843373494,
      "grad_norm": 1.8594474792480469,
      "learning_rate": 3.0783132530120484e-05,
      "loss": 1.3519,
      "step": 320
    },
    {
      "epoch": 1.9879518072289155,
      "grad_norm": 1.6600406169891357,
      "learning_rate": 3.0180722891566264e-05,
      "loss": 1.3832,
      "step": 330
    },
    {
      "epoch": 2.0481927710843375,
      "grad_norm": 1.441158652305603,
      "learning_rate": 2.957831325301205e-05,
      "loss": 1.4914,
      "step": 340
    },
    {
      "epoch": 2.108433734939759,
      "grad_norm": 1.566411018371582,
      "learning_rate": 2.8975903614457832e-05,
      "loss": 1.2973,
      "step": 350
    },
    {
      "epoch": 2.1686746987951806,
      "grad_norm": 1.624100923538208,
      "learning_rate": 2.8373493975903616e-05,
      "loss": 1.3267,
      "step": 360
    },
    {
      "epoch": 2.2289156626506026,
      "grad_norm": 1.4898346662521362,
      "learning_rate": 2.77710843373494e-05,
      "loss": 1.3554,
      "step": 370
    },
    {
      "epoch": 2.289156626506024,
      "grad_norm": 1.8851763010025024,
      "learning_rate": 2.7168674698795183e-05,
      "loss": 1.4136,
      "step": 380
    },
    {
      "epoch": 2.3493975903614457,
      "grad_norm": 1.8421539068222046,
      "learning_rate": 2.6566265060240964e-05,
      "loss": 1.3583,
      "step": 390
    },
    {
      "epoch": 2.4096385542168672,
      "grad_norm": 1.6753408908843994,
      "learning_rate": 2.596385542168675e-05,
      "loss": 1.3444,
      "step": 400
    },
    {
      "epoch": 2.4698795180722892,
      "grad_norm": 1.5353091955184937,
      "learning_rate": 2.536144578313253e-05,
      "loss": 1.3416,
      "step": 410
    },
    {
      "epoch": 2.5301204819277108,
      "grad_norm": 1.9525880813598633,
      "learning_rate": 2.4759036144578315e-05,
      "loss": 1.4299,
      "step": 420
    },
    {
      "epoch": 2.5903614457831328,
      "grad_norm": 1.5683588981628418,
      "learning_rate": 2.4156626506024096e-05,
      "loss": 1.3983,
      "step": 430
    },
    {
      "epoch": 2.6506024096385543,
      "grad_norm": 1.7094035148620605,
      "learning_rate": 2.355421686746988e-05,
      "loss": 1.2954,
      "step": 440
    },
    {
      "epoch": 2.710843373493976,
      "grad_norm": 1.5999042987823486,
      "learning_rate": 2.2951807228915664e-05,
      "loss": 1.1862,
      "step": 450
    },
    {
      "epoch": 2.7710843373493974,
      "grad_norm": 1.879266619682312,
      "learning_rate": 2.2349397590361444e-05,
      "loss": 1.4771,
      "step": 460
    },
    {
      "epoch": 2.8313253012048194,
      "grad_norm": 1.6908899545669556,
      "learning_rate": 2.1746987951807228e-05,
      "loss": 1.3276,
      "step": 470
    },
    {
      "epoch": 2.891566265060241,
      "grad_norm": 1.5001391172409058,
      "learning_rate": 2.1144578313253015e-05,
      "loss": 1.2754,
      "step": 480
    },
    {
      "epoch": 2.9518072289156625,
      "grad_norm": 1.4465519189834595,
      "learning_rate": 2.05421686746988e-05,
      "loss": 1.2049,
      "step": 490
    },
    {
      "epoch": 3.0120481927710845,
      "grad_norm": 1.44965398311615,
      "learning_rate": 1.993975903614458e-05,
      "loss": 1.3536,
      "step": 500
    },
    {
      "epoch": 3.072289156626506,
      "grad_norm": 1.742801308631897,
      "learning_rate": 1.9337349397590363e-05,
      "loss": 1.3197,
      "step": 510
    },
    {
      "epoch": 3.1325301204819276,
      "grad_norm": 1.7425748109817505,
      "learning_rate": 1.8734939759036147e-05,
      "loss": 1.3067,
      "step": 520
    },
    {
      "epoch": 3.1927710843373496,
      "grad_norm": 1.5726685523986816,
      "learning_rate": 1.8132530120481927e-05,
      "loss": 1.1812,
      "step": 530
    },
    {
      "epoch": 3.253012048192771,
      "grad_norm": 1.3266470432281494,
      "learning_rate": 1.753012048192771e-05,
      "loss": 1.2768,
      "step": 540
    },
    {
      "epoch": 3.3132530120481927,
      "grad_norm": 1.863722562789917,
      "learning_rate": 1.6927710843373495e-05,
      "loss": 1.1692,
      "step": 550
    },
    {
      "epoch": 3.3734939759036147,
      "grad_norm": 1.6814464330673218,
      "learning_rate": 1.6325301204819276e-05,
      "loss": 1.3751,
      "step": 560
    },
    {
      "epoch": 3.433734939759036,
      "grad_norm": 1.6639326810836792,
      "learning_rate": 1.572289156626506e-05,
      "loss": 1.2485,
      "step": 570
    },
    {
      "epoch": 3.4939759036144578,
      "grad_norm": 1.2936419248580933,
      "learning_rate": 1.5120481927710845e-05,
      "loss": 1.3006,
      "step": 580
    },
    {
      "epoch": 3.5542168674698793,
      "grad_norm": 2.1675972938537598,
      "learning_rate": 1.4518072289156629e-05,
      "loss": 1.3541,
      "step": 590
    },
    {
      "epoch": 3.6144578313253013,
      "grad_norm": 1.6086781024932861,
      "learning_rate": 1.391566265060241e-05,
      "loss": 1.2261,
      "step": 600
    },
    {
      "epoch": 3.674698795180723,
      "grad_norm": 1.7232956886291504,
      "learning_rate": 1.3313253012048193e-05,
      "loss": 1.2109,
      "step": 610
    },
    {
      "epoch": 3.734939759036145,
      "grad_norm": 1.8191403150558472,
      "learning_rate": 1.2710843373493977e-05,
      "loss": 1.3068,
      "step": 620
    },
    {
      "epoch": 3.7951807228915664,
      "grad_norm": 1.736964464187622,
      "learning_rate": 1.210843373493976e-05,
      "loss": 1.2593,
      "step": 630
    },
    {
      "epoch": 3.855421686746988,
      "grad_norm": 1.92823326587677,
      "learning_rate": 1.1506024096385543e-05,
      "loss": 1.222,
      "step": 640
    },
    {
      "epoch": 3.9156626506024095,
      "grad_norm": 1.912621259689331,
      "learning_rate": 1.0903614457831327e-05,
      "loss": 1.2552,
      "step": 650
    },
    {
      "epoch": 3.9759036144578315,
      "grad_norm": 1.8259624242782593,
      "learning_rate": 1.0301204819277109e-05,
      "loss": 1.1443,
      "step": 660
    },
    {
      "epoch": 4.036144578313253,
      "grad_norm": 1.7279549837112427,
      "learning_rate": 9.698795180722891e-06,
      "loss": 1.2194,
      "step": 670
    },
    {
      "epoch": 4.096385542168675,
      "grad_norm": 1.574679970741272,
      "learning_rate": 9.096385542168675e-06,
      "loss": 1.2273,
      "step": 680
    },
    {
      "epoch": 4.156626506024097,
      "grad_norm": 1.651095986366272,
      "learning_rate": 8.493975903614459e-06,
      "loss": 1.2327,
      "step": 690
    },
    {
      "epoch": 4.216867469879518,
      "grad_norm": 1.8158490657806396,
      "learning_rate": 7.891566265060241e-06,
      "loss": 1.2775,
      "step": 700
    },
    {
      "epoch": 4.27710843373494,
      "grad_norm": 1.5189628601074219,
      "learning_rate": 7.289156626506025e-06,
      "loss": 1.0862,
      "step": 710
    },
    {
      "epoch": 4.337349397590361,
      "grad_norm": 1.335168480873108,
      "learning_rate": 6.686746987951807e-06,
      "loss": 1.3867,
      "step": 720
    },
    {
      "epoch": 4.397590361445783,
      "grad_norm": 1.2542142868041992,
      "learning_rate": 6.084337349397591e-06,
      "loss": 1.3176,
      "step": 730
    },
    {
      "epoch": 4.457831325301205,
      "grad_norm": 1.7228156328201294,
      "learning_rate": 5.481927710843374e-06,
      "loss": 1.1291,
      "step": 740
    },
    {
      "epoch": 4.518072289156627,
      "grad_norm": 1.4461270570755005,
      "learning_rate": 4.879518072289157e-06,
      "loss": 1.1562,
      "step": 750
    },
    {
      "epoch": 4.578313253012048,
      "grad_norm": 2.518634557723999,
      "learning_rate": 4.2771084337349405e-06,
      "loss": 1.1392,
      "step": 760
    },
    {
      "epoch": 4.63855421686747,
      "grad_norm": 1.6605395078659058,
      "learning_rate": 3.6746987951807235e-06,
      "loss": 1.3056,
      "step": 770
    },
    {
      "epoch": 4.698795180722891,
      "grad_norm": 1.638020634651184,
      "learning_rate": 3.0722891566265065e-06,
      "loss": 1.1836,
      "step": 780
    },
    {
      "epoch": 4.759036144578313,
      "grad_norm": 1.2934333086013794,
      "learning_rate": 2.469879518072289e-06,
      "loss": 1.1345,
      "step": 790
    },
    {
      "epoch": 4.8192771084337345,
      "grad_norm": 1.7652109861373901,
      "learning_rate": 1.8674698795180725e-06,
      "loss": 1.1959,
      "step": 800
    },
    {
      "epoch": 4.879518072289157,
      "grad_norm": 1.7097699642181396,
      "learning_rate": 1.2650602409638555e-06,
      "loss": 1.3453,
      "step": 810
    },
    {
      "epoch": 4.9397590361445785,
      "grad_norm": 1.9398620128631592,
      "learning_rate": 6.626506024096386e-07,
      "loss": 1.2026,
      "step": 820
    },
    {
      "epoch": 5.0,
      "grad_norm": 2.768934726715088,
      "learning_rate": 6.02409638554217e-08,
      "loss": 1.3591,
      "step": 830
    }
  ],
  "logging_steps": 10,
  "max_steps": 830,
  "num_input_tokens_seen": 0,
  "num_train_epochs": 5,
  "save_steps": 500,
  "stateful_callbacks": {
    "TrainerControl": {
      "args": {
        "should_epoch_stop": false,
        "should_evaluate": false,
        "should_log": false,
        "should_save": true,
        "should_training_stop": true
      },
      "attributes": {}
    }
  },
  "total_flos": 568885778841600.0,
  "train_batch_size": 4,
  "trial_name": null,
  "trial_params": null
}
