[
    {
        "step": 10,
        "loss": 3.5615
    },
    {
        "step": 20,
        "loss": 3.1741
    },
    {
        "step": 30,
        "loss": 2.9678
    },
    {
        "step": 40,
        "loss": 3.104
    },
    {
        "step": 50,
        "loss": 2.974
    },
    {
        "step": 60,
        "loss": 2.994
    },
    {
        "step": 70,
        "loss": 2.747
    },
    {
        "step": 80,
        "loss": 2.7945
    },
    {
        "step": 90,
        "loss": 2.6686
    },
    {
        "step": 100,
        "loss": 2.9451
    },
    {
        "step": 110,
        "loss": 2.8128
    },
    {
        "step": 120,
        "loss": 2.5118
    },
    {
        "step": 130,
        "loss": 2.5572
    },
    {
        "step": 140,
        "loss": 2.6562
    },
    {
        "step": 150,
        "loss": 2.6417
    },
    {
        "step": 160,
        "loss": 2.4958
    },
    {
        "step": 170,
        "loss": 2.6819
    },
    {
        "step": 180,
        "loss": 2.3928
    },
    {
        "step": 190,
        "loss": 2.4952
    },
    {
        "step": 200,
        "loss": 2.5856
    },
    {
        "step": 210,
        "loss": 2.6141
    },
    {
        "step": 220,
        "loss": 2.4784
    },
    {
        "step": 230,
        "loss": 2.6204
    },
    {
        "step": 240,
        "loss": 2.4972
    },
    {
        "step": 250,
        "loss": 2.3398
    },
    {
        "step": 260,
        "loss": 2.3881
    },
    {
        "step": 270,
        "loss": 2.4981
    },
    {
        "step": 280,
        "loss": 2.3128
    },
    {
        "step": 290,
        "loss": 2.3245
    },
    {
        "step": 300,
        "loss": 2.3736
    },
    {
        "step": 310,
        "loss": 2.4137
    },
    {
        "step": 320,
        "loss": 2.4999
    },
    {
        "step": 330,
        "loss": 2.2986
    },
    {
        "step": 340,
        "loss": 2.4677
    },
    {
        "step": 350,
        "loss": 2.2364
    },
    {
        "step": 360,
        "loss": 2.243
    },
    {
        "step": 370,
        "loss": 2.1597
    },
    {
        "step": 380,
        "loss": 2.2778
    },
    {
        "step": 390,
        "loss": 2.3097
    },
    {
        "step": 400,
        "loss": 2.297
    },
    {
        "step": 410,
        "loss": 2.3615
    },
    {
        "step": 420,
        "loss": 2.358
    },
    {
        "step": 430,
        "loss": 2.1703
    },
    {
        "step": 440,
        "loss": 2.1125
    },
    {
        "step": 450,
        "loss": 2.1626
    },
    {
        "step": 460,
        "loss": 2.4128
    },
    {
        "step": 470,
        "loss": 2.1075
    },
    {
        "step": 480,
        "loss": 2.2714
    },
    {
        "step": 490,
        "loss": 2.0165
    },
    {
        "step": 500,
        "loss": 2.2915
    },
    {
        "step": 510,
        "loss": 2.2545
    },
    {
        "step": 520,
        "loss": 2.0758
    },
    {
        "step": 530,
        "loss": 2.3305
    },
    {
        "step": 540,
        "loss": 2.0734
    },
    {
        "step": 550,
        "loss": 2.0738
    },
    {
        "step": 560,
        "loss": 2.0535
    },
    {
        "step": 570,
        "loss": 2.1481
    },
    {
        "step": 580,
        "loss": 2.078
    },
    {
        "step": 590,
        "loss": 2.0126
    },
    {
        "step": 600,
        "loss": 2.3028
    },
    {
        "step": 610,
        "loss": 2.0656
    },
    {
        "step": 620,
        "loss": 2.1575
    },
    {
        "step": 630,
        "loss": 2.1024
    },
    {
        "step": 640,
        "loss": 2.2299
    },
    {
        "step": 650,
        "loss": 1.7753
    },
    {
        "step": 660,
        "loss": 2.1177
    },
    {
        "step": 670,
        "loss": 2.0849
    },
    {
        "step": 680,
        "loss": 2.1078
    },
    {
        "step": 690,
        "loss": 2.1273
    },
    {
        "step": 700,
        "loss": 2.0866
    },
    {
        "step": 710,
        "loss": 2.0475
    },
    {
        "step": 720,
        "loss": 2.0345
    },
    {
        "step": 730,
        "loss": 1.9522
    },
    {
        "step": 740,
        "loss": 2.0563
    },
    {
        "step": 750,
        "loss": 2.019
    },
    {
        "step": 760,
        "loss": 2.1776
    },
    {
        "step": 770,
        "loss": 2.0115
    },
    {
        "step": 780,
        "loss": 2.0975
    },
    {
        "step": 790,
        "loss": 1.8876
    },
    {
        "step": 800,
        "loss": 2.008
    },
    {
        "step": 810,
        "loss": 2.0617
    },
    {
        "step": 820,
        "loss": 2.0258
    },
    {
        "step": 830,
        "loss": 2.1228
    },
    {
        "step": 840,
        "loss": 1.8285
    },
    {
        "step": 850,
        "loss": 2.0995
    },
    {
        "step": 860,
        "loss": 2.0363
    },
    {
        "step": 870,
        "loss": 2.1724
    },
    {
        "step": 880,
        "loss": 1.8519
    },
    {
        "step": 890,
        "loss": 1.9037
    },
    {
        "step": 900,
        "loss": 2.1742
    },
    {
        "step": 910,
        "loss": 1.8751
    },
    {
        "step": 920,
        "loss": 1.9696
    },
    {
        "step": 930,
        "loss": 1.9392
    },
    {
        "step": 940,
        "loss": 1.9829
    },
    {
        "step": 950,
        "loss": 1.9674
    },
    {
        "step": 960,
        "loss": 1.9724
    },
    {
        "step": 970,
        "loss": 2.0099
    },
    {
        "step": 980,
        "loss": 2.0063
    },
    {
        "step": 990,
        "loss": 1.886
    },
    {
        "step": 1000,
        "loss": 1.9515
    },
    {
        "step": 1010,
        "loss": 1.9324
    },
    {
        "step": 1020,
        "loss": 1.9527
    },
    {
        "step": 1030,
        "loss": 1.9097
    }
]