[
    {
        "step": 10,
        "loss": 2.3425
    },
    {
        "step": 20,
        "loss": 2.3112
    },
    {
        "step": 30,
        "loss": 2.0797
    },
    {
        "step": 40,
        "loss": 2.135
    },
    {
        "step": 50,
        "loss": 2.2529
    },
    {
        "step": 60,
        "loss": 2.2417
    },
    {
        "step": 70,
        "loss": 2.0895
    },
    {
        "step": 80,
        "loss": 2.0638
    },
    {
        "step": 90,
        "loss": 1.9709
    },
    {
        "step": 100,
        "loss": 1.9772
    },
    {
        "step": 110,
        "loss": 1.8405
    },
    {
        "step": 120,
        "loss": 1.8868
    },
    {
        "step": 130,
        "loss": 1.8161
    },
    {
        "step": 140,
        "loss": 1.8801
    },
    {
        "step": 150,
        "loss": 1.8113
    },
    {
        "step": 160,
        "loss": 1.7636
    },
    {
        "step": 170,
        "loss": 1.6483
    },
    {
        "step": 180,
        "loss": 1.7943
    },
    {
        "step": 190,
        "loss": 1.5777
    },
    {
        "step": 200,
        "loss": 1.5848
    },
    {
        "step": 210,
        "loss": 1.668
    },
    {
        "step": 220,
        "loss": 1.6218
    },
    {
        "step": 230,
        "loss": 1.583
    },
    {
        "step": 240,
        "loss": 1.6108
    },
    {
        "step": 250,
        "loss": 1.4485
    },
    {
        "step": 260,
        "loss": 1.4926
    },
    {
        "step": 270,
        "loss": 1.4265
    },
    {
        "step": 280,
        "loss": 1.3419
    },
    {
        "step": 290,
        "loss": 1.5334
    },
    {
        "step": 300,
        "loss": 1.5201
    },
    {
        "step": 310,
        "loss": 1.4665
    },
    {
        "step": 320,
        "loss": 1.3519
    },
    {
        "step": 330,
        "loss": 1.3832
    },
    {
        "step": 340,
        "loss": 1.4914
    },
    {
        "step": 350,
        "loss": 1.2973
    },
    {
        "step": 360,
        "loss": 1.3267
    },
    {
        "step": 370,
        "loss": 1.3554
    },
    {
        "step": 380,
        "loss": 1.4136
    },
    {
        "step": 390,
        "loss": 1.3583
    },
    {
        "step": 400,
        "loss": 1.3444
    },
    {
        "step": 410,
        "loss": 1.3416
    },
    {
        "step": 420,
        "loss": 1.4299
    },
    {
        "step": 430,
        "loss": 1.3983
    },
    {
        "step": 440,
        "loss": 1.2954
    },
    {
        "step": 450,
        "loss": 1.1862
    },
    {
        "step": 460,
        "loss": 1.4771
    },
    {
        "step": 470,
        "loss": 1.3276
    },
    {
        "step": 480,
        "loss": 1.2754
    },
    {
        "step": 490,
        "loss": 1.2049
    },
    {
        "step": 500,
        "loss": 1.3536
    },
    {
        "step": 510,
        "loss": 1.3197
    },
    {
        "step": 520,
        "loss": 1.3067
    },
    {
        "step": 530,
        "loss": 1.1812
    },
    {
        "step": 540,
        "loss": 1.2768
    },
    {
        "step": 550,
        "loss": 1.1692
    },
    {
        "step": 560,
        "loss": 1.3751
    },
    {
        "step": 570,
        "loss": 1.2485
    },
    {
        "step": 580,
        "loss": 1.3006
    },
    {
        "step": 590,
        "loss": 1.3541
    },
    {
        "step": 600,
        "loss": 1.2261
    },
    {
        "step": 610,
        "loss": 1.2109
    },
    {
        "step": 620,
        "loss": 1.3068
    },
    {
        "step": 630,
        "loss": 1.2593
    },
    {
        "step": 640,
        "loss": 1.222
    },
    {
        "step": 650,
        "loss": 1.2552
    },
    {
        "step": 660,
        "loss": 1.1443
    },
    {
        "step": 670,
        "loss": 1.2194
    },
    {
        "step": 680,
        "loss": 1.2273
    },
    {
        "step": 690,
        "loss": 1.2327
    },
    {
        "step": 700,
        "loss": 1.2775
    },
    {
        "step": 710,
        "loss": 1.0862
    },
    {
        "step": 720,
        "loss": 1.3867
    },
    {
        "step": 730,
        "loss": 1.3176
    },
    {
        "step": 740,
        "loss": 1.1291
    },
    {
        "step": 750,
        "loss": 1.1562
    },
    {
        "step": 760,
        "loss": 1.1392
    },
    {
        "step": 770,
        "loss": 1.3056
    },
    {
        "step": 780,
        "loss": 1.1836
    },
    {
        "step": 790,
        "loss": 1.1345
    },
    {
        "step": 800,
        "loss": 1.1959
    },
    {
        "step": 810,
        "loss": 1.3453
    },
    {
        "step": 820,
        "loss": 1.2026
    },
    {
        "step": 830,
        "loss": 1.3591
    }
]