[
    {
        "step": 10,
        "loss": 2.1541
    },
    {
        "step": 20,
        "loss": 2.0024
    },
    {
        "step": 30,
        "loss": 1.8506
    },
    {
        "step": 40,
        "loss": 1.8697
    },
    {
        "step": 50,
        "loss": 1.7521
    },
    {
        "step": 60,
        "loss": 1.6281
    },
    {
        "step": 70,
        "loss": 1.6176
    },
    {
        "step": 80,
        "loss": 1.6351
    },
    {
        "step": 90,
        "loss": 1.545
    },
    {
        "step": 100,
        "loss": 1.6484
    },
    {
        "step": 110,
        "loss": 1.5162
    },
    {
        "step": 120,
        "loss": 1.5025
    },
    {
        "step": 130,
        "loss": 1.4768
    },
    {
        "step": 140,
        "loss": 1.3893
    },
    {
        "step": 150,
        "loss": 1.4088
    },
    {
        "step": 160,
        "loss": 1.4407
    },
    {
        "step": 170,
        "loss": 1.271
    },
    {
        "step": 180,
        "loss": 1.2751
    },
    {
        "step": 190,
        "loss": 1.2867
    },
    {
        "step": 200,
        "loss": 1.3149
    },
    {
        "step": 210,
        "loss": 1.2115
    },
    {
        "step": 220,
        "loss": 1.3582
    },
    {
        "step": 230,
        "loss": 1.2807
    },
    {
        "step": 240,
        "loss": 1.2799
    },
    {
        "step": 250,
        "loss": 1.1687
    },
    {
        "step": 260,
        "loss": 1.2732
    },
    {
        "step": 270,
        "loss": 1.2409
    },
    {
        "step": 280,
        "loss": 1.1478
    },
    {
        "step": 290,
        "loss": 1.274
    },
    {
        "step": 300,
        "loss": 1.1247
    },
    {
        "step": 310,
        "loss": 1.2227
    },
    {
        "step": 320,
        "loss": 1.2389
    },
    {
        "step": 330,
        "loss": 1.217
    },
    {
        "step": 340,
        "loss": 1.1949
    },
    {
        "step": 350,
        "loss": 1.1076
    },
    {
        "step": 360,
        "loss": 1.1512
    },
    {
        "step": 370,
        "loss": 1.1899
    },
    {
        "step": 380,
        "loss": 1.1129
    },
    {
        "step": 390,
        "loss": 1.0843
    },
    {
        "step": 400,
        "loss": 1.1005
    },
    {
        "step": 410,
        "loss": 1.1429
    },
    {
        "step": 420,
        "loss": 1.105
    },
    {
        "step": 430,
        "loss": 1.1491
    },
    {
        "step": 440,
        "loss": 1.0322
    },
    {
        "step": 450,
        "loss": 1.1752
    },
    {
        "step": 460,
        "loss": 1.0625
    },
    {
        "step": 470,
        "loss": 1.1458
    },
    {
        "step": 480,
        "loss": 1.0816
    },
    {
        "step": 490,
        "loss": 1.0409
    },
    {
        "step": 500,
        "loss": 1.0534
    },
    {
        "step": 510,
        "loss": 1.1259
    },
    {
        "step": 520,
        "loss": 1.1812
    },
    {
        "step": 530,
        "loss": 1.059
    },
    {
        "step": 540,
        "loss": 1.0618
    },
    {
        "step": 550,
        "loss": 1.0894
    },
    {
        "step": 560,
        "loss": 1.0224
    },
    {
        "step": 570,
        "loss": 1.0487
    },
    {
        "step": 580,
        "loss": 1.1039
    },
    {
        "step": 590,
        "loss": 1.062
    },
    {
        "step": 600,
        "loss": 1.1402
    },
    {
        "step": 610,
        "loss": 1.0246
    },
    {
        "step": 620,
        "loss": 1.0169
    },
    {
        "step": 630,
        "loss": 1.1385
    },
    {
        "step": 640,
        "loss": 0.972
    },
    {
        "step": 650,
        "loss": 1.0901
    },
    {
        "step": 660,
        "loss": 1.0744
    },
    {
        "step": 670,
        "loss": 1.0487
    },
    {
        "step": 680,
        "loss": 1.0366
    },
    {
        "step": 690,
        "loss": 0.9814
    },
    {
        "step": 700,
        "loss": 0.9738
    },
    {
        "step": 710,
        "loss": 0.9675
    },
    {
        "step": 720,
        "loss": 1.0204
    },
    {
        "step": 730,
        "loss": 0.9946
    },
    {
        "step": 740,
        "loss": 0.9629
    },
    {
        "step": 750,
        "loss": 0.9561
    },
    {
        "step": 760,
        "loss": 1.0154
    },
    {
        "step": 770,
        "loss": 0.936
    },
    {
        "step": 780,
        "loss": 0.9433
    },
    {
        "step": 790,
        "loss": 0.97
    },
    {
        "step": 800,
        "loss": 0.9731
    },
    {
        "step": 810,
        "loss": 1.0748
    },
    {
        "step": 820,
        "loss": 0.9217
    },
    {
        "step": 830,
        "loss": 0.9867
    },
    {
        "step": 840,
        "loss": 1.0049
    },
    {
        "step": 850,
        "loss": 0.9902
    },
    {
        "step": 860,
        "loss": 0.9256
    },
    {
        "step": 870,
        "loss": 0.9655
    },
    {
        "step": 880,
        "loss": 1.0314
    },
    {
        "step": 890,
        "loss": 0.9638
    },
    {
        "step": 900,
        "loss": 0.9398
    },
    {
        "step": 910,
        "loss": 1.0004
    },
    {
        "step": 920,
        "loss": 0.8968
    },
    {
        "step": 930,
        "loss": 0.8221
    },
    {
        "step": 940,
        "loss": 0.9235
    },
    {
        "step": 950,
        "loss": 1.0305
    },
    {
        "step": 960,
        "loss": 0.9001
    },
    {
        "step": 970,
        "loss": 0.9414
    },
    {
        "step": 980,
        "loss": 0.9338
    },
    {
        "step": 990,
        "loss": 1.0521
    },
    {
        "step": 1000,
        "loss": 0.9795
    },
    {
        "step": 1010,
        "loss": 1.0341
    },
    {
        "step": 1020,
        "loss": 0.9439
    },
    {
        "step": 1030,
        "loss": 0.9159
    },
    {
        "step": 1040,
        "loss": 0.9544
    },
    {
        "step": 1050,
        "loss": 0.9281
    },
    {
        "step": 1060,
        "loss": 1.0847
    },
    {
        "step": 1070,
        "loss": 1.0079
    },
    {
        "step": 1080,
        "loss": 0.9016
    },
    {
        "step": 1090,
        "loss": 0.9635
    },
    {
        "step": 1100,
        "loss": 0.9286
    },
    {
        "step": 1110,
        "loss": 0.9816
    },
    {
        "step": 1120,
        "loss": 0.8661
    },
    {
        "step": 1130,
        "loss": 0.9881
    },
    {
        "step": 1140,
        "loss": 1.0379
    },
    {
        "step": 1150,
        "loss": 0.9344
    },
    {
        "step": 1160,
        "loss": 0.983
    },
    {
        "step": 1170,
        "loss": 0.8816
    },
    {
        "step": 1180,
        "loss": 0.9751
    },
    {
        "step": 1190,
        "loss": 0.927
    },
    {
        "step": 1200,
        "loss": 0.9424
    },
    {
        "step": 1210,
        "loss": 0.8963
    },
    {
        "step": 1220,
        "loss": 0.933
    },
    {
        "step": 1230,
        "loss": 0.9343
    },
    {
        "step": 1240,
        "loss": 0.977
    },
    {
        "step": 1250,
        "loss": 0.8976
    },
    {
        "step": 1260,
        "loss": 0.928
    },
    {
        "step": 1270,
        "loss": 0.9732
    },
    {
        "step": 1280,
        "loss": 0.9046
    },
    {
        "step": 1290,
        "loss": 1.0383
    },
    {
        "step": 1300,
        "loss": 0.8561
    },
    {
        "step": 1310,
        "loss": 0.9551
    },
    {
        "step": 1320,
        "loss": 0.8658
    },
    {
        "step": 1330,
        "loss": 0.8888
    },
    {
        "step": 1340,
        "loss": 0.959
    },
    {
        "step": 1350,
        "loss": 0.8969
    },
    {
        "step": 1360,
        "loss": 0.8946
    },
    {
        "step": 1370,
        "loss": 0.9647
    },
    {
        "step": 1380,
        "loss": 0.8844
    },
    {
        "step": 1390,
        "loss": 0.973
    },
    {
        "step": 1400,
        "loss": 0.9171
    },
    {
        "step": 1410,
        "loss": 1.0062
    }
]