{
  "best_global_step": null,
  "best_metric": null,
  "best_model_checkpoint": null,
  "epoch": 5.0,
  "eval_steps": 500,
  "global_step": 1415,
  "is_hyper_param_search": false,
  "is_local_process_zero": true,
  "is_world_process_zero": true,
  "log_history": [
    {
      "epoch": 0.0353356890459364,
      "grad_norm": 0.9674411416053772,
      "learning_rate": 4.9681978798586575e-05,
      "loss": 2.1541,
      "step": 10
    },
    {
      "epoch": 0.0706713780918728,
      "grad_norm": 1.0140221118927002,
      "learning_rate": 4.932862190812721e-05,
      "loss": 2.0024,
      "step": 20
    },
    {
      "epoch": 0.10600706713780919,
      "grad_norm": 1.1394745111465454,
      "learning_rate": 4.897526501766785e-05,
      "loss": 1.8506,
      "step": 30
    },
    {
      "epoch": 0.1413427561837456,
      "grad_norm": 1.1505999565124512,
      "learning_rate": 4.8621908127208483e-05,
      "loss": 1.8697,
      "step": 40
    },
    {
      "epoch": 0.17667844522968199,
      "grad_norm": 0.850184440612793,
      "learning_rate": 4.8268551236749124e-05,
      "loss": 1.7521,
      "step": 50
    },
    {
      "epoch": 0.21201413427561838,
      "grad_norm": 0.5839382410049438,
      "learning_rate": 4.791519434628976e-05,
      "loss": 1.6281,
      "step": 60
    },
    {
      "epoch": 0.24734982332155478,
      "grad_norm": 0.8622334599494934,
      "learning_rate": 4.756183745583039e-05,
      "loss": 1.6176,
      "step": 70
    },
    {
      "epoch": 0.2826855123674912,
      "grad_norm": 0.7583999633789062,
      "learning_rate": 4.7208480565371025e-05,
      "loss": 1.6351,
      "step": 80
    },
    {
      "epoch": 0.31802120141342755,
      "grad_norm": 0.6726625561714172,
      "learning_rate": 4.685512367491166e-05,
      "loss": 1.545,
      "step": 90
    },
    {
      "epoch": 0.35335689045936397,
      "grad_norm": 0.8755947947502136,
      "learning_rate": 4.65017667844523e-05,
      "loss": 1.6484,
      "step": 100
    },
    {
      "epoch": 0.38869257950530034,
      "grad_norm": 0.6982894539833069,
      "learning_rate": 4.614840989399293e-05,
      "loss": 1.5162,
      "step": 110
    },
    {
      "epoch": 0.42402826855123676,
      "grad_norm": 0.8723626136779785,
      "learning_rate": 4.5795053003533574e-05,
      "loss": 1.5025,
      "step": 120
    },
    {
      "epoch": 0.45936395759717313,
      "grad_norm": 1.0980039834976196,
      "learning_rate": 4.544169611307421e-05,
      "loss": 1.4768,
      "step": 130
    },
    {
      "epoch": 0.49469964664310956,
      "grad_norm": 0.8510515689849854,
      "learning_rate": 4.508833922261485e-05,
      "loss": 1.3893,
      "step": 140
    },
    {
      "epoch": 0.5300353356890459,
      "grad_norm": 0.8690127730369568,
      "learning_rate": 4.473498233215548e-05,
      "loss": 1.4088,
      "step": 150
    },
    {
      "epoch": 0.5653710247349824,
      "grad_norm": 1.0103697776794434,
      "learning_rate": 4.4381625441696115e-05,
      "loss": 1.4407,
      "step": 160
    },
    {
      "epoch": 0.6007067137809188,
      "grad_norm": 0.961051881313324,
      "learning_rate": 4.402826855123675e-05,
      "loss": 1.271,
      "step": 170
    },
    {
      "epoch": 0.6360424028268551,
      "grad_norm": 0.8815662264823914,
      "learning_rate": 4.367491166077738e-05,
      "loss": 1.2751,
      "step": 180
    },
    {
      "epoch": 0.6713780918727915,
      "grad_norm": 0.8842659592628479,
      "learning_rate": 4.332155477031802e-05,
      "loss": 1.2867,
      "step": 190
    },
    {
      "epoch": 0.7067137809187279,
      "grad_norm": 0.8996047973632812,
      "learning_rate": 4.296819787985866e-05,
      "loss": 1.3149,
      "step": 200
    },
    {
      "epoch": 0.7420494699646644,
      "grad_norm": 0.8343678116798401,
      "learning_rate": 4.26148409893993e-05,
      "loss": 1.2115,
      "step": 210
    },
    {
      "epoch": 0.7773851590106007,
      "grad_norm": 1.0432740449905396,
      "learning_rate": 4.226148409893993e-05,
      "loss": 1.3582,
      "step": 220
    },
    {
      "epoch": 0.8127208480565371,
      "grad_norm": 1.0003210306167603,
      "learning_rate": 4.190812720848057e-05,
      "loss": 1.2807,
      "step": 230
    },
    {
      "epoch": 0.8480565371024735,
      "grad_norm": 1.2652794122695923,
      "learning_rate": 4.1554770318021205e-05,
      "loss": 1.2799,
      "step": 240
    },
    {
      "epoch": 0.8833922261484098,
      "grad_norm": 1.0851430892944336,
      "learning_rate": 4.120141342756184e-05,
      "loss": 1.1687,
      "step": 250
    },
    {
      "epoch": 0.9187279151943463,
      "grad_norm": 1.236035943031311,
      "learning_rate": 4.084805653710247e-05,
      "loss": 1.2732,
      "step": 260
    },
    {
      "epoch": 0.9540636042402827,
      "grad_norm": 1.154066562652588,
      "learning_rate": 4.049469964664311e-05,
      "loss": 1.2409,
      "step": 270
    },
    {
      "epoch": 0.9893992932862191,
      "grad_norm": 0.9646560549736023,
      "learning_rate": 4.014134275618375e-05,
      "loss": 1.1478,
      "step": 280
    },
    {
      "epoch": 1.0247349823321554,
      "grad_norm": 1.2825288772583008,
      "learning_rate": 3.978798586572438e-05,
      "loss": 1.274,
      "step": 290
    },
    {
      "epoch": 1.0600706713780919,
      "grad_norm": 1.5131217241287231,
      "learning_rate": 3.943462897526502e-05,
      "loss": 1.1247,
      "step": 300
    },
    {
      "epoch": 1.0954063604240283,
      "grad_norm": 1.1677353382110596,
      "learning_rate": 3.9081272084805655e-05,
      "loss": 1.2227,
      "step": 310
    },
    {
      "epoch": 1.1307420494699647,
      "grad_norm": 1.2606252431869507,
      "learning_rate": 3.8727915194346296e-05,
      "loss": 1.2389,
      "step": 320
    },
    {
      "epoch": 1.1660777385159011,
      "grad_norm": 1.36100435256958,
      "learning_rate": 3.837455830388693e-05,
      "loss": 1.217,
      "step": 330
    },
    {
      "epoch": 1.2014134275618376,
      "grad_norm": 1.0891746282577515,
      "learning_rate": 3.802120141342756e-05,
      "loss": 1.1949,
      "step": 340
    },
    {
      "epoch": 1.2367491166077738,
      "grad_norm": 1.0725215673446655,
      "learning_rate": 3.76678445229682e-05,
      "loss": 1.1076,
      "step": 350
    },
    {
      "epoch": 1.2720848056537102,
      "grad_norm": 1.5119071006774902,
      "learning_rate": 3.731448763250884e-05,
      "loss": 1.1512,
      "step": 360
    },
    {
      "epoch": 1.3074204946996466,
      "grad_norm": 1.5487635135650635,
      "learning_rate": 3.696113074204947e-05,
      "loss": 1.1899,
      "step": 370
    },
    {
      "epoch": 1.342756183745583,
      "grad_norm": 1.095884084701538,
      "learning_rate": 3.660777385159011e-05,
      "loss": 1.1129,
      "step": 380
    },
    {
      "epoch": 1.3780918727915195,
      "grad_norm": 1.4138906002044678,
      "learning_rate": 3.6254416961130745e-05,
      "loss": 1.0843,
      "step": 390
    },
    {
      "epoch": 1.4134275618374559,
      "grad_norm": 1.5058856010437012,
      "learning_rate": 3.590106007067138e-05,
      "loss": 1.1005,
      "step": 400
    },
    {
      "epoch": 1.4487632508833923,
      "grad_norm": 1.0847725868225098,
      "learning_rate": 3.554770318021202e-05,
      "loss": 1.1429,
      "step": 410
    },
    {
      "epoch": 1.4840989399293285,
      "grad_norm": 1.1775171756744385,
      "learning_rate": 3.519434628975265e-05,
      "loss": 1.105,
      "step": 420
    },
    {
      "epoch": 1.5194346289752652,
      "grad_norm": 1.600404143333435,
      "learning_rate": 3.484098939929329e-05,
      "loss": 1.1491,
      "step": 430
    },
    {
      "epoch": 1.5547703180212014,
      "grad_norm": 1.323478102684021,
      "learning_rate": 3.448763250883392e-05,
      "loss": 1.0322,
      "step": 440
    },
    {
      "epoch": 1.5901060070671378,
      "grad_norm": 1.3486931324005127,
      "learning_rate": 3.413427561837456e-05,
      "loss": 1.1752,
      "step": 450
    },
    {
      "epoch": 1.6254416961130742,
      "grad_norm": 1.3213732242584229,
      "learning_rate": 3.3780918727915195e-05,
      "loss": 1.0625,
      "step": 460
    },
    {
      "epoch": 1.6607773851590106,
      "grad_norm": 1.5257333517074585,
      "learning_rate": 3.3427561837455835e-05,
      "loss": 1.1458,
      "step": 470
    },
    {
      "epoch": 1.696113074204947,
      "grad_norm": 1.6373534202575684,
      "learning_rate": 3.307420494699647e-05,
      "loss": 1.0816,
      "step": 480
    },
    {
      "epoch": 1.7314487632508833,
      "grad_norm": 1.4467878341674805,
      "learning_rate": 3.272084805653711e-05,
      "loss": 1.0409,
      "step": 490
    },
    {
      "epoch": 1.76678445229682,
      "grad_norm": 1.6552278995513916,
      "learning_rate": 3.236749116607774e-05,
      "loss": 1.0534,
      "step": 500
    },
    {
      "epoch": 1.802120141342756,
      "grad_norm": 1.307553768157959,
      "learning_rate": 3.201413427561838e-05,
      "loss": 1.1259,
      "step": 510
    },
    {
      "epoch": 1.8374558303886925,
      "grad_norm": 1.4275932312011719,
      "learning_rate": 3.166077738515901e-05,
      "loss": 1.1812,
      "step": 520
    },
    {
      "epoch": 1.872791519434629,
      "grad_norm": 1.3880091905593872,
      "learning_rate": 3.1307420494699644e-05,
      "loss": 1.059,
      "step": 530
    },
    {
      "epoch": 1.9081272084805654,
      "grad_norm": 1.4757272005081177,
      "learning_rate": 3.0954063604240285e-05,
      "loss": 1.0618,
      "step": 540
    },
    {
      "epoch": 1.9434628975265018,
      "grad_norm": 1.4890453815460205,
      "learning_rate": 3.060070671378092e-05,
      "loss": 1.0894,
      "step": 550
    },
    {
      "epoch": 1.978798586572438,
      "grad_norm": 1.6904939413070679,
      "learning_rate": 3.024734982332156e-05,
      "loss": 1.0224,
      "step": 560
    },
    {
      "epoch": 2.0141342756183747,
      "grad_norm": 1.4608068466186523,
      "learning_rate": 2.9893992932862193e-05,
      "loss": 1.0487,
      "step": 570
    },
    {
      "epoch": 2.049469964664311,
      "grad_norm": 1.4143397808074951,
      "learning_rate": 2.954063604240283e-05,
      "loss": 1.1039,
      "step": 580
    },
    {
      "epoch": 2.0848056537102475,
      "grad_norm": 1.8047634363174438,
      "learning_rate": 2.9187279151943464e-05,
      "loss": 1.062,
      "step": 590
    },
    {
      "epoch": 2.1201413427561837,
      "grad_norm": 1.5602123737335205,
      "learning_rate": 2.8833922261484097e-05,
      "loss": 1.1402,
      "step": 600
    },
    {
      "epoch": 2.1554770318021204,
      "grad_norm": 1.6137100458145142,
      "learning_rate": 2.8480565371024738e-05,
      "loss": 1.0246,
      "step": 610
    },
    {
      "epoch": 2.1908127208480566,
      "grad_norm": 1.3836528062820435,
      "learning_rate": 2.8127208480565372e-05,
      "loss": 1.0169,
      "step": 620
    },
    {
      "epoch": 2.2261484098939928,
      "grad_norm": 1.4497439861297607,
      "learning_rate": 2.777385159010601e-05,
      "loss": 1.1385,
      "step": 630
    },
    {
      "epoch": 2.2614840989399294,
      "grad_norm": 1.2073758840560913,
      "learning_rate": 2.7420494699646643e-05,
      "loss": 0.972,
      "step": 640
    },
    {
      "epoch": 2.2968197879858656,
      "grad_norm": 1.7180593013763428,
      "learning_rate": 2.7067137809187283e-05,
      "loss": 1.0901,
      "step": 650
    },
    {
      "epoch": 2.3321554770318023,
      "grad_norm": 1.6016401052474976,
      "learning_rate": 2.6713780918727917e-05,
      "loss": 1.0744,
      "step": 660
    },
    {
      "epoch": 2.3674911660777385,
      "grad_norm": 1.858811855316162,
      "learning_rate": 2.6360424028268554e-05,
      "loss": 1.0487,
      "step": 670
    },
    {
      "epoch": 2.402826855123675,
      "grad_norm": 1.2054578065872192,
      "learning_rate": 2.6007067137809188e-05,
      "loss": 1.0366,
      "step": 680
    },
    {
      "epoch": 2.4381625441696113,
      "grad_norm": 1.646598219871521,
      "learning_rate": 2.5653710247349828e-05,
      "loss": 0.9814,
      "step": 690
    },
    {
      "epoch": 2.4734982332155475,
      "grad_norm": 1.376833200454712,
      "learning_rate": 2.5300353356890462e-05,
      "loss": 0.9738,
      "step": 700
    },
    {
      "epoch": 2.508833922261484,
      "grad_norm": 1.4231518507003784,
      "learning_rate": 2.4946996466431096e-05,
      "loss": 0.9675,
      "step": 710
    },
    {
      "epoch": 2.5441696113074204,
      "grad_norm": 1.2913615703582764,
      "learning_rate": 2.4593639575971733e-05,
      "loss": 1.0204,
      "step": 720
    },
    {
      "epoch": 2.579505300353357,
      "grad_norm": 1.7608760595321655,
      "learning_rate": 2.424028268551237e-05,
      "loss": 0.9946,
      "step": 730
    },
    {
      "epoch": 2.614840989399293,
      "grad_norm": 1.5035994052886963,
      "learning_rate": 2.3886925795053007e-05,
      "loss": 0.9629,
      "step": 740
    },
    {
      "epoch": 2.65017667844523,
      "grad_norm": 1.5702441930770874,
      "learning_rate": 2.353356890459364e-05,
      "loss": 0.9561,
      "step": 750
    },
    {
      "epoch": 2.685512367491166,
      "grad_norm": 1.5308314561843872,
      "learning_rate": 2.3180212014134274e-05,
      "loss": 1.0154,
      "step": 760
    },
    {
      "epoch": 2.7208480565371023,
      "grad_norm": 1.625924825668335,
      "learning_rate": 2.282685512367491e-05,
      "loss": 0.936,
      "step": 770
    },
    {
      "epoch": 2.756183745583039,
      "grad_norm": 1.2369054555892944,
      "learning_rate": 2.247349823321555e-05,
      "loss": 0.9433,
      "step": 780
    },
    {
      "epoch": 2.791519434628975,
      "grad_norm": 1.124895453453064,
      "learning_rate": 2.2120141342756186e-05,
      "loss": 0.97,
      "step": 790
    },
    {
      "epoch": 2.8268551236749118,
      "grad_norm": 1.7136735916137695,
      "learning_rate": 2.176678445229682e-05,
      "loss": 0.9731,
      "step": 800
    },
    {
      "epoch": 2.862190812720848,
      "grad_norm": 1.4655959606170654,
      "learning_rate": 2.1413427561837457e-05,
      "loss": 1.0748,
      "step": 810
    },
    {
      "epoch": 2.8975265017667846,
      "grad_norm": 1.5482170581817627,
      "learning_rate": 2.1060070671378094e-05,
      "loss": 0.9217,
      "step": 820
    },
    {
      "epoch": 2.932862190812721,
      "grad_norm": 1.777282953262329,
      "learning_rate": 2.070671378091873e-05,
      "loss": 0.9867,
      "step": 830
    },
    {
      "epoch": 2.968197879858657,
      "grad_norm": 1.741786003112793,
      "learning_rate": 2.0353356890459365e-05,
      "loss": 1.0049,
      "step": 840
    },
    {
      "epoch": 3.0035335689045937,
      "grad_norm": 1.4776214361190796,
      "learning_rate": 2e-05,
      "loss": 0.9902,
      "step": 850
    },
    {
      "epoch": 3.03886925795053,
      "grad_norm": 1.5346426963806152,
      "learning_rate": 1.964664310954064e-05,
      "loss": 0.9256,
      "step": 860
    },
    {
      "epoch": 3.0742049469964665,
      "grad_norm": 1.6152503490447998,
      "learning_rate": 1.9293286219081272e-05,
      "loss": 0.9655,
      "step": 870
    },
    {
      "epoch": 3.1095406360424027,
      "grad_norm": 1.4036577939987183,
      "learning_rate": 1.893992932862191e-05,
      "loss": 1.0314,
      "step": 880
    },
    {
      "epoch": 3.1448763250883394,
      "grad_norm": 1.6793358325958252,
      "learning_rate": 1.8586572438162543e-05,
      "loss": 0.9638,
      "step": 890
    },
    {
      "epoch": 3.1802120141342756,
      "grad_norm": 1.5719935894012451,
      "learning_rate": 1.823321554770318e-05,
      "loss": 0.9398,
      "step": 900
    },
    {
      "epoch": 3.215547703180212,
      "grad_norm": 1.628715991973877,
      "learning_rate": 1.7879858657243818e-05,
      "loss": 1.0004,
      "step": 910
    },
    {
      "epoch": 3.2508833922261484,
      "grad_norm": 2.5185840129852295,
      "learning_rate": 1.7526501766784455e-05,
      "loss": 0.8968,
      "step": 920
    },
    {
      "epoch": 3.2862190812720846,
      "grad_norm": 1.3891446590423584,
      "learning_rate": 1.717314487632509e-05,
      "loss": 0.8221,
      "step": 930
    },
    {
      "epoch": 3.3215547703180213,
      "grad_norm": 1.7156730890274048,
      "learning_rate": 1.6819787985865726e-05,
      "loss": 0.9235,
      "step": 940
    },
    {
      "epoch": 3.3568904593639575,
      "grad_norm": 1.5321588516235352,
      "learning_rate": 1.6466431095406363e-05,
      "loss": 1.0305,
      "step": 950
    },
    {
      "epoch": 3.392226148409894,
      "grad_norm": 1.7778700590133667,
      "learning_rate": 1.6113074204947e-05,
      "loss": 0.9001,
      "step": 960
    },
    {
      "epoch": 3.4275618374558303,
      "grad_norm": 2.040318012237549,
      "learning_rate": 1.5759717314487633e-05,
      "loss": 0.9414,
      "step": 970
    },
    {
      "epoch": 3.462897526501767,
      "grad_norm": 1.654237985610962,
      "learning_rate": 1.5406360424028267e-05,
      "loss": 0.9338,
      "step": 980
    },
    {
      "epoch": 3.498233215547703,
      "grad_norm": 1.8460254669189453,
      "learning_rate": 1.5053003533568904e-05,
      "loss": 1.0521,
      "step": 990
    },
    {
      "epoch": 3.53356890459364,
      "grad_norm": 1.6812273263931274,
      "learning_rate": 1.4699646643109541e-05,
      "loss": 0.9795,
      "step": 1000
    },
    {
      "epoch": 3.568904593639576,
      "grad_norm": 1.73054838180542,
      "learning_rate": 1.4346289752650177e-05,
      "loss": 1.0341,
      "step": 1010
    },
    {
      "epoch": 3.604240282685512,
      "grad_norm": 1.5663185119628906,
      "learning_rate": 1.3992932862190814e-05,
      "loss": 0.9439,
      "step": 1020
    },
    {
      "epoch": 3.639575971731449,
      "grad_norm": 1.3709362745285034,
      "learning_rate": 1.363957597173145e-05,
      "loss": 0.9159,
      "step": 1030
    },
    {
      "epoch": 3.674911660777385,
      "grad_norm": 1.621798038482666,
      "learning_rate": 1.3286219081272086e-05,
      "loss": 0.9544,
      "step": 1040
    },
    {
      "epoch": 3.7102473498233217,
      "grad_norm": 1.7614021301269531,
      "learning_rate": 1.2932862190812722e-05,
      "loss": 0.9281,
      "step": 1050
    },
    {
      "epoch": 3.745583038869258,
      "grad_norm": 1.704446792602539,
      "learning_rate": 1.2579505300353359e-05,
      "loss": 1.0847,
      "step": 1060
    },
    {
      "epoch": 3.7809187279151946,
      "grad_norm": 1.3863582611083984,
      "learning_rate": 1.2226148409893993e-05,
      "loss": 1.0079,
      "step": 1070
    },
    {
      "epoch": 3.8162544169611308,
      "grad_norm": 1.5415691137313843,
      "learning_rate": 1.187279151943463e-05,
      "loss": 0.9016,
      "step": 1080
    },
    {
      "epoch": 3.851590106007067,
      "grad_norm": 1.5298302173614502,
      "learning_rate": 1.1519434628975265e-05,
      "loss": 0.9635,
      "step": 1090
    },
    {
      "epoch": 3.8869257950530036,
      "grad_norm": 1.7951927185058594,
      "learning_rate": 1.11660777385159e-05,
      "loss": 0.9286,
      "step": 1100
    },
    {
      "epoch": 3.92226148409894,
      "grad_norm": 1.8197497129440308,
      "learning_rate": 1.0812720848056538e-05,
      "loss": 0.9816,
      "step": 1110
    },
    {
      "epoch": 3.9575971731448765,
      "grad_norm": 1.7769325971603394,
      "learning_rate": 1.0459363957597173e-05,
      "loss": 0.8661,
      "step": 1120
    },
    {
      "epoch": 3.9929328621908127,
      "grad_norm": 1.424085259437561,
      "learning_rate": 1.010600706713781e-05,
      "loss": 0.9881,
      "step": 1130
    },
    {
      "epoch": 4.028268551236749,
      "grad_norm": 1.736843228340149,
      "learning_rate": 9.752650176678446e-06,
      "loss": 1.0379,
      "step": 1140
    },
    {
      "epoch": 4.063604240282685,
      "grad_norm": 1.6348036527633667,
      "learning_rate": 9.399293286219081e-06,
      "loss": 0.9344,
      "step": 1150
    },
    {
      "epoch": 4.098939929328622,
      "grad_norm": 1.5545748472213745,
      "learning_rate": 9.045936395759717e-06,
      "loss": 0.983,
      "step": 1160
    },
    {
      "epoch": 4.134275618374558,
      "grad_norm": 1.7873326539993286,
      "learning_rate": 8.692579505300354e-06,
      "loss": 0.8816,
      "step": 1170
    },
    {
      "epoch": 4.169611307420495,
      "grad_norm": 1.6557245254516602,
      "learning_rate": 8.33922261484099e-06,
      "loss": 0.9751,
      "step": 1180
    },
    {
      "epoch": 4.204946996466431,
      "grad_norm": 1.6209397315979004,
      "learning_rate": 7.985865724381626e-06,
      "loss": 0.927,
      "step": 1190
    },
    {
      "epoch": 4.240282685512367,
      "grad_norm": 1.5973949432373047,
      "learning_rate": 7.632508833922262e-06,
      "loss": 0.9424,
      "step": 1200
    },
    {
      "epoch": 4.275618374558304,
      "grad_norm": 1.515553593635559,
      "learning_rate": 7.279151943462897e-06,
      "loss": 0.8963,
      "step": 1210
    },
    {
      "epoch": 4.310954063604241,
      "grad_norm": 1.3950835466384888,
      "learning_rate": 6.925795053003533e-06,
      "loss": 0.933,
      "step": 1220
    },
    {
      "epoch": 4.3462897526501765,
      "grad_norm": 1.385166883468628,
      "learning_rate": 6.57243816254417e-06,
      "loss": 0.9343,
      "step": 1230
    },
    {
      "epoch": 4.381625441696113,
      "grad_norm": 1.510613203048706,
      "learning_rate": 6.219081272084806e-06,
      "loss": 0.977,
      "step": 1240
    },
    {
      "epoch": 4.41696113074205,
      "grad_norm": 1.5993026494979858,
      "learning_rate": 5.865724381625442e-06,
      "loss": 0.8976,
      "step": 1250
    },
    {
      "epoch": 4.4522968197879855,
      "grad_norm": 2.131007671356201,
      "learning_rate": 5.5123674911660785e-06,
      "loss": 0.928,
      "step": 1260
    },
    {
      "epoch": 4.487632508833922,
      "grad_norm": 1.600452184677124,
      "learning_rate": 5.159010600706714e-06,
      "loss": 0.9732,
      "step": 1270
    },
    {
      "epoch": 4.522968197879859,
      "grad_norm": 1.7133599519729614,
      "learning_rate": 4.80565371024735e-06,
      "loss": 0.9046,
      "step": 1280
    },
    {
      "epoch": 4.5583038869257955,
      "grad_norm": 1.9554998874664307,
      "learning_rate": 4.452296819787986e-06,
      "loss": 1.0383,
      "step": 1290
    },
    {
      "epoch": 4.593639575971731,
      "grad_norm": 1.4246591329574585,
      "learning_rate": 4.098939929328622e-06,
      "loss": 0.8561,
      "step": 1300
    },
    {
      "epoch": 4.628975265017668,
      "grad_norm": 1.7533257007598877,
      "learning_rate": 3.745583038869258e-06,
      "loss": 0.9551,
      "step": 1310
    },
    {
      "epoch": 4.6643109540636045,
      "grad_norm": 1.7441900968551636,
      "learning_rate": 3.392226148409894e-06,
      "loss": 0.8658,
      "step": 1320
    },
    {
      "epoch": 4.69964664310954,
      "grad_norm": 1.9470133781433105,
      "learning_rate": 3.0388692579505302e-06,
      "loss": 0.8888,
      "step": 1330
    },
    {
      "epoch": 4.734982332155477,
      "grad_norm": 2.1067142486572266,
      "learning_rate": 2.685512367491166e-06,
      "loss": 0.959,
      "step": 1340
    },
    {
      "epoch": 4.770318021201414,
      "grad_norm": 1.4732948541641235,
      "learning_rate": 2.3321554770318023e-06,
      "loss": 0.8969,
      "step": 1350
    },
    {
      "epoch": 4.80565371024735,
      "grad_norm": 1.8512905836105347,
      "learning_rate": 1.978798586572438e-06,
      "loss": 0.8946,
      "step": 1360
    },
    {
      "epoch": 4.840989399293286,
      "grad_norm": 2.0610246658325195,
      "learning_rate": 1.6254416961130742e-06,
      "loss": 0.9647,
      "step": 1370
    },
    {
      "epoch": 4.876325088339223,
      "grad_norm": 1.4900691509246826,
      "learning_rate": 1.2720848056537103e-06,
      "loss": 0.8844,
      "step": 1380
    },
    {
      "epoch": 4.911660777385159,
      "grad_norm": 1.8144952058792114,
      "learning_rate": 9.187279151943463e-07,
      "loss": 0.973,
      "step": 1390
    },
    {
      "epoch": 4.946996466431095,
      "grad_norm": 1.9901398420333862,
      "learning_rate": 5.653710247349823e-07,
      "loss": 0.9171,
      "step": 1400
    },
    {
      "epoch": 4.982332155477032,
      "grad_norm": 1.6894969940185547,
      "learning_rate": 2.1201413427561837e-07,
      "loss": 1.0062,
      "step": 1410
    }
  ],
  "logging_steps": 10,
  "max_steps": 1415,
  "num_input_tokens_seen": 0,
  "num_train_epochs": 5,
  "save_steps": 500,
  "stateful_callbacks": {
    "TrainerControl": {
      "args": {
        "should_epoch_stop": false,
        "should_evaluate": false,
        "should_log": false,
        "should_save": true,
        "should_training_stop": true
      },
      "attributes": {}
    }
  },
  "total_flos": 485099731353600.0,
  "train_batch_size": 4,
  "trial_name": null,
  "trial_params": null
}
