{
  "best_global_step": null,
  "best_metric": null,
  "best_model_checkpoint": null,
  "epoch": 5.0,
  "eval_steps": 500,
  "global_step": 1415,
  "is_hyper_param_search": false,
  "is_local_process_zero": true,
  "is_world_process_zero": true,
  "log_history": [
    {
      "epoch": 0.0353356890459364,
      "grad_norm": 1.1351869106292725,
      "learning_rate": 4.9681978798586575e-05,
      "loss": 2.0343,
      "step": 10
    },
    {
      "epoch": 0.0706713780918728,
      "grad_norm": 1.12888765335083,
      "learning_rate": 4.932862190812721e-05,
      "loss": 2.1685,
      "step": 20
    },
    {
      "epoch": 0.10600706713780919,
      "grad_norm": 0.9360448718070984,
      "learning_rate": 4.897526501766785e-05,
      "loss": 2.0082,
      "step": 30
    },
    {
      "epoch": 0.1413427561837456,
      "grad_norm": 0.9853746294975281,
      "learning_rate": 4.8621908127208483e-05,
      "loss": 1.7337,
      "step": 40
    },
    {
      "epoch": 0.17667844522968199,
      "grad_norm": 0.9943464994430542,
      "learning_rate": 4.8268551236749124e-05,
      "loss": 2.0049,
      "step": 50
    },
    {
      "epoch": 0.21201413427561838,
      "grad_norm": 1.2965810298919678,
      "learning_rate": 4.791519434628976e-05,
      "loss": 2.0157,
      "step": 60
    },
    {
      "epoch": 0.24734982332155478,
      "grad_norm": 1.3762508630752563,
      "learning_rate": 4.756183745583039e-05,
      "loss": 2.0489,
      "step": 70
    },
    {
      "epoch": 0.2826855123674912,
      "grad_norm": 1.0329375267028809,
      "learning_rate": 4.7208480565371025e-05,
      "loss": 1.8453,
      "step": 80
    },
    {
      "epoch": 0.31802120141342755,
      "grad_norm": 1.9732975959777832,
      "learning_rate": 4.685512367491166e-05,
      "loss": 1.7252,
      "step": 90
    },
    {
      "epoch": 0.35335689045936397,
      "grad_norm": 1.029647707939148,
      "learning_rate": 4.65017667844523e-05,
      "loss": 1.621,
      "step": 100
    },
    {
      "epoch": 0.38869257950530034,
      "grad_norm": 1.5253889560699463,
      "learning_rate": 4.614840989399293e-05,
      "loss": 1.7541,
      "step": 110
    },
    {
      "epoch": 0.42402826855123676,
      "grad_norm": 1.060628056526184,
      "learning_rate": 4.5795053003533574e-05,
      "loss": 1.9119,
      "step": 120
    },
    {
      "epoch": 0.45936395759717313,
      "grad_norm": 0.9509186148643494,
      "learning_rate": 4.544169611307421e-05,
      "loss": 1.7366,
      "step": 130
    },
    {
      "epoch": 0.49469964664310956,
      "grad_norm": 1.795458436012268,
      "learning_rate": 4.508833922261485e-05,
      "loss": 1.7019,
      "step": 140
    },
    {
      "epoch": 0.5300353356890459,
      "grad_norm": 0.9400899410247803,
      "learning_rate": 4.473498233215548e-05,
      "loss": 1.622,
      "step": 150
    },
    {
      "epoch": 0.5653710247349824,
      "grad_norm": 1.2488205432891846,
      "learning_rate": 4.4381625441696115e-05,
      "loss": 1.9436,
      "step": 160
    },
    {
      "epoch": 0.6007067137809188,
      "grad_norm": 0.9465329647064209,
      "learning_rate": 4.402826855123675e-05,
      "loss": 1.8114,
      "step": 170
    },
    {
      "epoch": 0.6360424028268551,
      "grad_norm": 1.2481900453567505,
      "learning_rate": 4.367491166077738e-05,
      "loss": 1.637,
      "step": 180
    },
    {
      "epoch": 0.6713780918727915,
      "grad_norm": 1.323236346244812,
      "learning_rate": 4.332155477031802e-05,
      "loss": 1.8525,
      "step": 190
    },
    {
      "epoch": 0.7067137809187279,
      "grad_norm": 1.8621937036514282,
      "learning_rate": 4.296819787985866e-05,
      "loss": 1.7368,
      "step": 200
    },
    {
      "epoch": 0.7420494699646644,
      "grad_norm": 1.2872344255447388,
      "learning_rate": 4.26148409893993e-05,
      "loss": 1.7311,
      "step": 210
    },
    {
      "epoch": 0.7773851590106007,
      "grad_norm": 1.2036216259002686,
      "learning_rate": 4.226148409893993e-05,
      "loss": 1.5702,
      "step": 220
    },
    {
      "epoch": 0.8127208480565371,
      "grad_norm": 1.433929443359375,
      "learning_rate": 4.190812720848057e-05,
      "loss": 1.7808,
      "step": 230
    },
    {
      "epoch": 0.8480565371024735,
      "grad_norm": 2.193277597427368,
      "learning_rate": 4.1554770318021205e-05,
      "loss": 1.5426,
      "step": 240
    },
    {
      "epoch": 0.8833922261484098,
      "grad_norm": 1.1421935558319092,
      "learning_rate": 4.120141342756184e-05,
      "loss": 1.7502,
      "step": 250
    },
    {
      "epoch": 0.9187279151943463,
      "grad_norm": 1.4032025337219238,
      "learning_rate": 4.084805653710247e-05,
      "loss": 1.4038,
      "step": 260
    },
    {
      "epoch": 0.9540636042402827,
      "grad_norm": 1.9753576517105103,
      "learning_rate": 4.049469964664311e-05,
      "loss": 1.6124,
      "step": 270
    },
    {
      "epoch": 0.9893992932862191,
      "grad_norm": 2.5004374980926514,
      "learning_rate": 4.014134275618375e-05,
      "loss": 1.3461,
      "step": 280
    },
    {
      "epoch": 1.0247349823321554,
      "grad_norm": 1.0588475465774536,
      "learning_rate": 3.978798586572438e-05,
      "loss": 1.5834,
      "step": 290
    },
    {
      "epoch": 1.0600706713780919,
      "grad_norm": 1.9124070405960083,
      "learning_rate": 3.943462897526502e-05,
      "loss": 1.4723,
      "step": 300
    },
    {
      "epoch": 1.0954063604240283,
      "grad_norm": 1.4859510660171509,
      "learning_rate": 3.9081272084805655e-05,
      "loss": 1.48,
      "step": 310
    },
    {
      "epoch": 1.1307420494699647,
      "grad_norm": 1.2678583860397339,
      "learning_rate": 3.8727915194346296e-05,
      "loss": 1.6141,
      "step": 320
    },
    {
      "epoch": 1.1660777385159011,
      "grad_norm": 1.1500450372695923,
      "learning_rate": 3.837455830388693e-05,
      "loss": 1.5144,
      "step": 330
    },
    {
      "epoch": 1.2014134275618376,
      "grad_norm": 1.7555761337280273,
      "learning_rate": 3.802120141342756e-05,
      "loss": 1.6762,
      "step": 340
    },
    {
      "epoch": 1.2367491166077738,
      "grad_norm": 1.3707183599472046,
      "learning_rate": 3.76678445229682e-05,
      "loss": 1.6402,
      "step": 350
    },
    {
      "epoch": 1.2720848056537102,
      "grad_norm": 1.4378180503845215,
      "learning_rate": 3.731448763250884e-05,
      "loss": 1.5442,
      "step": 360
    },
    {
      "epoch": 1.3074204946996466,
      "grad_norm": 1.325530767440796,
      "learning_rate": 3.696113074204947e-05,
      "loss": 1.3574,
      "step": 370
    },
    {
      "epoch": 1.342756183745583,
      "grad_norm": 1.4282079935073853,
      "learning_rate": 3.660777385159011e-05,
      "loss": 1.7022,
      "step": 380
    },
    {
      "epoch": 1.3780918727915195,
      "grad_norm": 1.1187020540237427,
      "learning_rate": 3.6254416961130745e-05,
      "loss": 1.5008,
      "step": 390
    },
    {
      "epoch": 1.4134275618374559,
      "grad_norm": 1.586142659187317,
      "learning_rate": 3.590106007067138e-05,
      "loss": 1.6866,
      "step": 400
    },
    {
      "epoch": 1.4487632508833923,
      "grad_norm": 1.0173755884170532,
      "learning_rate": 3.554770318021202e-05,
      "loss": 1.4368,
      "step": 410
    },
    {
      "epoch": 1.4840989399293285,
      "grad_norm": 1.7285032272338867,
      "learning_rate": 3.519434628975265e-05,
      "loss": 1.8268,
      "step": 420
    },
    {
      "epoch": 1.5194346289752652,
      "grad_norm": 1.02210533618927,
      "learning_rate": 3.484098939929329e-05,
      "loss": 1.5241,
      "step": 430
    },
    {
      "epoch": 1.5547703180212014,
      "grad_norm": 1.2792675495147705,
      "learning_rate": 3.448763250883392e-05,
      "loss": 1.6238,
      "step": 440
    },
    {
      "epoch": 1.5901060070671378,
      "grad_norm": 1.5375785827636719,
      "learning_rate": 3.413427561837456e-05,
      "loss": 1.6636,
      "step": 450
    },
    {
      "epoch": 1.6254416961130742,
      "grad_norm": 0.9556770920753479,
      "learning_rate": 3.3780918727915195e-05,
      "loss": 1.7973,
      "step": 460
    },
    {
      "epoch": 1.6607773851590106,
      "grad_norm": 0.9236088991165161,
      "learning_rate": 3.3427561837455835e-05,
      "loss": 1.601,
      "step": 470
    },
    {
      "epoch": 1.696113074204947,
      "grad_norm": 1.0462069511413574,
      "learning_rate": 3.307420494699647e-05,
      "loss": 1.5209,
      "step": 480
    },
    {
      "epoch": 1.7314487632508833,
      "grad_norm": 1.3981953859329224,
      "learning_rate": 3.272084805653711e-05,
      "loss": 1.5933,
      "step": 490
    },
    {
      "epoch": 1.76678445229682,
      "grad_norm": 1.5588215589523315,
      "learning_rate": 3.236749116607774e-05,
      "loss": 1.5834,
      "step": 500
    },
    {
      "epoch": 1.802120141342756,
      "grad_norm": 1.2553101778030396,
      "learning_rate": 3.201413427561838e-05,
      "loss": 1.5811,
      "step": 510
    },
    {
      "epoch": 1.8374558303886925,
      "grad_norm": 2.8558926582336426,
      "learning_rate": 3.166077738515901e-05,
      "loss": 1.4839,
      "step": 520
    },
    {
      "epoch": 1.872791519434629,
      "grad_norm": 1.7384943962097168,
      "learning_rate": 3.1307420494699644e-05,
      "loss": 1.6873,
      "step": 530
    },
    {
      "epoch": 1.9081272084805654,
      "grad_norm": 1.0439462661743164,
      "learning_rate": 3.0954063604240285e-05,
      "loss": 1.3714,
      "step": 540
    },
    {
      "epoch": 1.9434628975265018,
      "grad_norm": 0.7831041812896729,
      "learning_rate": 3.060070671378092e-05,
      "loss": 1.6219,
      "step": 550
    },
    {
      "epoch": 1.978798586572438,
      "grad_norm": 1.5763256549835205,
      "learning_rate": 3.024734982332156e-05,
      "loss": 1.7834,
      "step": 560
    },
    {
      "epoch": 2.0141342756183747,
      "grad_norm": 1.4287238121032715,
      "learning_rate": 2.9893992932862193e-05,
      "loss": 1.368,
      "step": 570
    },
    {
      "epoch": 2.049469964664311,
      "grad_norm": 1.3545794486999512,
      "learning_rate": 2.954063604240283e-05,
      "loss": 1.5957,
      "step": 580
    },
    {
      "epoch": 2.0848056537102475,
      "grad_norm": 2.303135871887207,
      "learning_rate": 2.9187279151943464e-05,
      "loss": 1.7649,
      "step": 590
    },
    {
      "epoch": 2.1201413427561837,
      "grad_norm": 1.2558151483535767,
      "learning_rate": 2.8833922261484097e-05,
      "loss": 1.5895,
      "step": 600
    },
    {
      "epoch": 2.1554770318021204,
      "grad_norm": 1.3669289350509644,
      "learning_rate": 2.8480565371024738e-05,
      "loss": 1.5866,
      "step": 610
    },
    {
      "epoch": 2.1908127208480566,
      "grad_norm": 1.223292589187622,
      "learning_rate": 2.8127208480565372e-05,
      "loss": 1.6208,
      "step": 620
    },
    {
      "epoch": 2.2261484098939928,
      "grad_norm": 1.0119401216506958,
      "learning_rate": 2.777385159010601e-05,
      "loss": 1.3585,
      "step": 630
    },
    {
      "epoch": 2.2614840989399294,
      "grad_norm": 1.2200133800506592,
      "learning_rate": 2.7420494699646643e-05,
      "loss": 1.5892,
      "step": 640
    },
    {
      "epoch": 2.2968197879858656,
      "grad_norm": 1.0923082828521729,
      "learning_rate": 2.7067137809187283e-05,
      "loss": 1.5118,
      "step": 650
    },
    {
      "epoch": 2.3321554770318023,
      "grad_norm": 1.3081786632537842,
      "learning_rate": 2.6713780918727917e-05,
      "loss": 1.5775,
      "step": 660
    },
    {
      "epoch": 2.3674911660777385,
      "grad_norm": 0.9896730184555054,
      "learning_rate": 2.6360424028268554e-05,
      "loss": 1.4647,
      "step": 670
    },
    {
      "epoch": 2.402826855123675,
      "grad_norm": 1.5077099800109863,
      "learning_rate": 2.6007067137809188e-05,
      "loss": 1.6394,
      "step": 680
    },
    {
      "epoch": 2.4381625441696113,
      "grad_norm": 1.0277180671691895,
      "learning_rate": 2.5653710247349828e-05,
      "loss": 1.4989,
      "step": 690
    },
    {
      "epoch": 2.4734982332155475,
      "grad_norm": 1.518102765083313,
      "learning_rate": 2.5300353356890462e-05,
      "loss": 1.3175,
      "step": 700
    },
    {
      "epoch": 2.508833922261484,
      "grad_norm": 1.7459170818328857,
      "learning_rate": 2.4946996466431096e-05,
      "loss": 1.5683,
      "step": 710
    },
    {
      "epoch": 2.5441696113074204,
      "grad_norm": 1.607978343963623,
      "learning_rate": 2.4593639575971733e-05,
      "loss": 1.5165,
      "step": 720
    },
    {
      "epoch": 2.579505300353357,
      "grad_norm": 1.7005165815353394,
      "learning_rate": 2.424028268551237e-05,
      "loss": 1.647,
      "step": 730
    },
    {
      "epoch": 2.614840989399293,
      "grad_norm": 1.3384618759155273,
      "learning_rate": 2.3886925795053007e-05,
      "loss": 1.5804,
      "step": 740
    },
    {
      "epoch": 2.65017667844523,
      "grad_norm": 1.3988300561904907,
      "learning_rate": 2.353356890459364e-05,
      "loss": 1.4689,
      "step": 750
    },
    {
      "epoch": 2.685512367491166,
      "grad_norm": 1.3231033086776733,
      "learning_rate": 2.3180212014134274e-05,
      "loss": 1.8012,
      "step": 760
    },
    {
      "epoch": 2.7208480565371023,
      "grad_norm": 1.491058588027954,
      "learning_rate": 2.282685512367491e-05,
      "loss": 1.6869,
      "step": 770
    },
    {
      "epoch": 2.756183745583039,
      "grad_norm": 1.216027855873108,
      "learning_rate": 2.247349823321555e-05,
      "loss": 1.5427,
      "step": 780
    },
    {
      "epoch": 2.791519434628975,
      "grad_norm": 2.486706495285034,
      "learning_rate": 2.2120141342756186e-05,
      "loss": 1.4891,
      "step": 790
    },
    {
      "epoch": 2.8268551236749118,
      "grad_norm": 1.4604296684265137,
      "learning_rate": 2.176678445229682e-05,
      "loss": 1.564,
      "step": 800
    },
    {
      "epoch": 2.862190812720848,
      "grad_norm": 1.0190750360488892,
      "learning_rate": 2.1413427561837457e-05,
      "loss": 1.4962,
      "step": 810
    },
    {
      "epoch": 2.8975265017667846,
      "grad_norm": 1.1808964014053345,
      "learning_rate": 2.1060070671378094e-05,
      "loss": 1.624,
      "step": 820
    },
    {
      "epoch": 2.932862190812721,
      "grad_norm": 1.407952904701233,
      "learning_rate": 2.070671378091873e-05,
      "loss": 1.5157,
      "step": 830
    },
    {
      "epoch": 2.968197879858657,
      "grad_norm": 2.043987512588501,
      "learning_rate": 2.0353356890459365e-05,
      "loss": 1.4615,
      "step": 840
    },
    {
      "epoch": 3.0035335689045937,
      "grad_norm": 1.7522867918014526,
      "learning_rate": 2e-05,
      "loss": 1.7667,
      "step": 850
    },
    {
      "epoch": 3.03886925795053,
      "grad_norm": 1.1025960445404053,
      "learning_rate": 1.964664310954064e-05,
      "loss": 1.6727,
      "step": 860
    },
    {
      "epoch": 3.0742049469964665,
      "grad_norm": 1.405617594718933,
      "learning_rate": 1.9293286219081272e-05,
      "loss": 1.4824,
      "step": 870
    },
    {
      "epoch": 3.1095406360424027,
      "grad_norm": 1.2621785402297974,
      "learning_rate": 1.893992932862191e-05,
      "loss": 1.5292,
      "step": 880
    },
    {
      "epoch": 3.1448763250883394,
      "grad_norm": 1.207829475402832,
      "learning_rate": 1.8586572438162543e-05,
      "loss": 1.5519,
      "step": 890
    },
    {
      "epoch": 3.1802120141342756,
      "grad_norm": 1.1613960266113281,
      "learning_rate": 1.823321554770318e-05,
      "loss": 1.4737,
      "step": 900
    },
    {
      "epoch": 3.215547703180212,
      "grad_norm": 2.190216302871704,
      "learning_rate": 1.7879858657243818e-05,
      "loss": 1.4121,
      "step": 910
    },
    {
      "epoch": 3.2508833922261484,
      "grad_norm": 0.9872136116027832,
      "learning_rate": 1.7526501766784455e-05,
      "loss": 1.2932,
      "step": 920
    },
    {
      "epoch": 3.2862190812720846,
      "grad_norm": 1.7690988779067993,
      "learning_rate": 1.717314487632509e-05,
      "loss": 1.5199,
      "step": 930
    },
    {
      "epoch": 3.3215547703180213,
      "grad_norm": 1.1339149475097656,
      "learning_rate": 1.6819787985865726e-05,
      "loss": 1.7363,
      "step": 940
    },
    {
      "epoch": 3.3568904593639575,
      "grad_norm": 1.5599477291107178,
      "learning_rate": 1.6466431095406363e-05,
      "loss": 1.6598,
      "step": 950
    },
    {
      "epoch": 3.392226148409894,
      "grad_norm": 1.6909394264221191,
      "learning_rate": 1.6113074204947e-05,
      "loss": 1.6653,
      "step": 960
    },
    {
      "epoch": 3.4275618374558303,
      "grad_norm": 1.650761604309082,
      "learning_rate": 1.5759717314487633e-05,
      "loss": 1.4877,
      "step": 970
    },
    {
      "epoch": 3.462897526501767,
      "grad_norm": 1.3718528747558594,
      "learning_rate": 1.5406360424028267e-05,
      "loss": 1.6244,
      "step": 980
    },
    {
      "epoch": 3.498233215547703,
      "grad_norm": 1.0751644372940063,
      "learning_rate": 1.5053003533568904e-05,
      "loss": 1.4727,
      "step": 990
    },
    {
      "epoch": 3.53356890459364,
      "grad_norm": 1.588870644569397,
      "learning_rate": 1.4699646643109541e-05,
      "loss": 1.7128,
      "step": 1000
    },
    {
      "epoch": 3.568904593639576,
      "grad_norm": 1.222519040107727,
      "learning_rate": 1.4346289752650177e-05,
      "loss": 1.7263,
      "step": 1010
    },
    {
      "epoch": 3.604240282685512,
      "grad_norm": 1.6045814752578735,
      "learning_rate": 1.3992932862190814e-05,
      "loss": 1.4505,
      "step": 1020
    },
    {
      "epoch": 3.639575971731449,
      "grad_norm": 1.1309516429901123,
      "learning_rate": 1.363957597173145e-05,
      "loss": 1.4641,
      "step": 1030
    },
    {
      "epoch": 3.674911660777385,
      "grad_norm": 1.5194435119628906,
      "learning_rate": 1.3286219081272086e-05,
      "loss": 1.3644,
      "step": 1040
    },
    {
      "epoch": 3.7102473498233217,
      "grad_norm": 1.499921202659607,
      "learning_rate": 1.2932862190812722e-05,
      "loss": 1.7808,
      "step": 1050
    },
    {
      "epoch": 3.745583038869258,
      "grad_norm": 1.8910496234893799,
      "learning_rate": 1.2579505300353359e-05,
      "loss": 1.5952,
      "step": 1060
    },
    {
      "epoch": 3.7809187279151946,
      "grad_norm": 1.2728607654571533,
      "learning_rate": 1.2226148409893993e-05,
      "loss": 1.4322,
      "step": 1070
    },
    {
      "epoch": 3.8162544169611308,
      "grad_norm": 1.6139030456542969,
      "learning_rate": 1.187279151943463e-05,
      "loss": 1.6191,
      "step": 1080
    },
    {
      "epoch": 3.851590106007067,
      "grad_norm": 1.4489613771438599,
      "learning_rate": 1.1519434628975265e-05,
      "loss": 1.3471,
      "step": 1090
    },
    {
      "epoch": 3.8869257950530036,
      "grad_norm": 1.2670968770980835,
      "learning_rate": 1.11660777385159e-05,
      "loss": 1.6486,
      "step": 1100
    },
    {
      "epoch": 3.92226148409894,
      "grad_norm": 1.4634958505630493,
      "learning_rate": 1.0812720848056538e-05,
      "loss": 1.475,
      "step": 1110
    },
    {
      "epoch": 3.9575971731448765,
      "grad_norm": 1.0504106283187866,
      "learning_rate": 1.0459363957597173e-05,
      "loss": 1.3934,
      "step": 1120
    },
    {
      "epoch": 3.9929328621908127,
      "grad_norm": 1.3661799430847168,
      "learning_rate": 1.010600706713781e-05,
      "loss": 1.4034,
      "step": 1130
    },
    {
      "epoch": 4.028268551236749,
      "grad_norm": 1.5181368589401245,
      "learning_rate": 9.752650176678446e-06,
      "loss": 1.479,
      "step": 1140
    },
    {
      "epoch": 4.063604240282685,
      "grad_norm": 1.3004943132400513,
      "learning_rate": 9.399293286219081e-06,
      "loss": 1.5096,
      "step": 1150
    },
    {
      "epoch": 4.098939929328622,
      "grad_norm": 1.1399730443954468,
      "learning_rate": 9.045936395759717e-06,
      "loss": 1.495,
      "step": 1160
    },
    {
      "epoch": 4.134275618374558,
      "grad_norm": 1.7096264362335205,
      "learning_rate": 8.692579505300354e-06,
      "loss": 1.4235,
      "step": 1170
    },
    {
      "epoch": 4.169611307420495,
      "grad_norm": 2.061981201171875,
      "learning_rate": 8.33922261484099e-06,
      "loss": 1.7036,
      "step": 1180
    },
    {
      "epoch": 4.204946996466431,
      "grad_norm": 1.2161375284194946,
      "learning_rate": 7.985865724381626e-06,
      "loss": 1.3826,
      "step": 1190
    },
    {
      "epoch": 4.240282685512367,
      "grad_norm": 1.2305231094360352,
      "learning_rate": 7.632508833922262e-06,
      "loss": 1.4857,
      "step": 1200
    },
    {
      "epoch": 4.275618374558304,
      "grad_norm": 1.280255675315857,
      "learning_rate": 7.279151943462897e-06,
      "loss": 1.5142,
      "step": 1210
    },
    {
      "epoch": 4.310954063604241,
      "grad_norm": 1.6592350006103516,
      "learning_rate": 6.925795053003533e-06,
      "loss": 1.5024,
      "step": 1220
    },
    {
      "epoch": 4.3462897526501765,
      "grad_norm": 1.4928275346755981,
      "learning_rate": 6.57243816254417e-06,
      "loss": 1.6924,
      "step": 1230
    },
    {
      "epoch": 4.381625441696113,
      "grad_norm": 0.881912112236023,
      "learning_rate": 6.219081272084806e-06,
      "loss": 1.4584,
      "step": 1240
    },
    {
      "epoch": 4.41696113074205,
      "grad_norm": 1.3747893571853638,
      "learning_rate": 5.865724381625442e-06,
      "loss": 1.5371,
      "step": 1250
    },
    {
      "epoch": 4.4522968197879855,
      "grad_norm": 1.5627179145812988,
      "learning_rate": 5.5123674911660785e-06,
      "loss": 1.5752,
      "step": 1260
    },
    {
      "epoch": 4.487632508833922,
      "grad_norm": 1.6524080038070679,
      "learning_rate": 5.159010600706714e-06,
      "loss": 1.5713,
      "step": 1270
    },
    {
      "epoch": 4.522968197879859,
      "grad_norm": 1.142260193824768,
      "learning_rate": 4.80565371024735e-06,
      "loss": 1.4874,
      "step": 1280
    },
    {
      "epoch": 4.5583038869257955,
      "grad_norm": 1.2990741729736328,
      "learning_rate": 4.452296819787986e-06,
      "loss": 1.6834,
      "step": 1290
    },
    {
      "epoch": 4.593639575971731,
      "grad_norm": 2.325913190841675,
      "learning_rate": 4.098939929328622e-06,
      "loss": 1.8017,
      "step": 1300
    },
    {
      "epoch": 4.628975265017668,
      "grad_norm": 1.4741588830947876,
      "learning_rate": 3.745583038869258e-06,
      "loss": 1.6606,
      "step": 1310
    },
    {
      "epoch": 4.6643109540636045,
      "grad_norm": 1.6401762962341309,
      "learning_rate": 3.392226148409894e-06,
      "loss": 1.4716,
      "step": 1320
    },
    {
      "epoch": 4.69964664310954,
      "grad_norm": 1.4561635255813599,
      "learning_rate": 3.0388692579505302e-06,
      "loss": 1.6592,
      "step": 1330
    },
    {
      "epoch": 4.734982332155477,
      "grad_norm": 1.152494192123413,
      "learning_rate": 2.685512367491166e-06,
      "loss": 1.5428,
      "step": 1340
    },
    {
      "epoch": 4.770318021201414,
      "grad_norm": 1.633486032485962,
      "learning_rate": 2.3321554770318023e-06,
      "loss": 1.3387,
      "step": 1350
    },
    {
      "epoch": 4.80565371024735,
      "grad_norm": 1.9464458227157593,
      "learning_rate": 1.978798586572438e-06,
      "loss": 1.3664,
      "step": 1360
    },
    {
      "epoch": 4.840989399293286,
      "grad_norm": 1.5676243305206299,
      "learning_rate": 1.6254416961130742e-06,
      "loss": 1.4138,
      "step": 1370
    },
    {
      "epoch": 4.876325088339223,
      "grad_norm": 1.1257144212722778,
      "learning_rate": 1.2720848056537103e-06,
      "loss": 1.6064,
      "step": 1380
    },
    {
      "epoch": 4.911660777385159,
      "grad_norm": 1.0219237804412842,
      "learning_rate": 9.187279151943463e-07,
      "loss": 1.6554,
      "step": 1390
    },
    {
      "epoch": 4.946996466431095,
      "grad_norm": 1.240014672279358,
      "learning_rate": 5.653710247349823e-07,
      "loss": 1.476,
      "step": 1400
    },
    {
      "epoch": 4.982332155477032,
      "grad_norm": 1.0833085775375366,
      "learning_rate": 2.1201413427561837e-07,
      "loss": 1.3684,
      "step": 1410
    }
  ],
  "logging_steps": 10,
  "max_steps": 1415,
  "num_input_tokens_seen": 0,
  "num_train_epochs": 5,
  "save_steps": 500,
  "stateful_callbacks": {
    "TrainerControl": {
      "args": {
        "should_epoch_stop": false,
        "should_evaluate": false,
        "should_log": false,
        "should_save": true,
        "should_training_stop": true
      },
      "attributes": {}
    }
  },
  "total_flos": 485099731353600.0,
  "train_batch_size": 4,
  "trial_name": null,
  "trial_params": null
}
